name,category,exciter,material,patch_level_db,loudness_db,peak_db,hard_note_peak_db,tail_db,centroid_hz,sustain_db,width_db,modulation_db,pitch_cents,note_vs_strongest_db
Obsidian Bloom,PADS,bow,metal,0.31,-21.0035,-12.0028,-19.9962,-51.3354,674.626,-0.0587285,-14.9548,5.30533,-0.096261,0
Soft Machine,PADS,air,wood,0.81,-21.0023,-13.0512,-20.9703,-122.028,1502.11,0,-30.7575,2.16495,0.427541,0
Aurora Lattice,PADS,air,glass,3.68,-20.9983,-13.2869,-21.8992,-48.6437,5011.38,0,-25.2668,2.04651,0.0937564,0
Quiet Orbit,PADS,bow,membrane,1.88,-20.9998,-13.2506,-20.7518,-110.366,256.829,-0.0658859,-28.9438,5.59301,0.531193,0
Silver Hour,PADS,bow,glass,0.89,-20.9989,-12.927,-20.7366,-55.7292,516.586,-0.025607,-28.2812,5.52706,-0.0386205,0
Velvet Engine,PADS,air,wood,0.64,-21.0022,-13.0118,-21.8605,-90.9655,1199.02,0,-30.9922,2.33242,0.408214,0
Polar Choir,PADS,air,glass,1.37,-21.0032,-12.5001,-26.4228,-42.8498,4835.44,0,-25.1259,2.20611,0.00620709,0
Nocturne Field,PADS,bow,membrane,2.6,-20.9976,-13.1868,-20.9551,-88.5408,234.049,-0.13631,-29.7878,5.37475,0.49052,0
Halo Drift,PADS,bow,metal,0.99,-21.0044,-12.1373,-19.7523,-49.7983,837.061,-0.195389,-22.2417,4.5077,-0.00410848,0
Lumen,PADS,air,glass,-1.07,-21.0042,-13.0015,-24.0409,-38.5178,4777.92,0,-29.392,2.80121,0.189348,0
Cloud Loom,PADS,bow,wood,1.39,-20.9963,-13.3043,-20.5127,-117.295,475.183,-0.116852,-30.7263,5.17035,-0.0112087,0
Slow Tide,PADS,air,membrane,0.95,-21.0022,-12.6935,-20.689,-72.1041,1231.84,0,-24.728,2.11019,3.35994,0
Amber Hall,PADS,bow,wood,0.71,-20.9993,-12.8389,-20.1611,-102.434,442.001,-0.0228442,-23.9675,4.742,-0.00880764,0
Opaline,PADS,air,glass,1.22,-21.0005,-12.3345,-22.0833,-37.0397,3168.64,0,-28.1413,2.56222,0.037239,0
Northern Lights,PADS,bow,glass,0.98,-20.9994,-11.9334,-19.5826,-60.1985,644.335,-0.0801278,-22.9567,5.63376,-0.0125584,0
Paper Moon,PADS,air,membrane,13.21,-20.9965,-9.68301,-8.93293,-90.775,2785.08,0,-11.914,1.83912,0.165923,0
Iron Lung,PADS,air,metal,0.94,-21.0044,-12.1909,-23.2992,-29.7168,3563.27,0,-25.4854,2.7614,0.136639,0
Deep Current,PADS,bow,metal,2.42,-21.0027,-12.3974,-20.2264,-48.6359,685.336,-0.0727873,-22.6927,3.97074,-0.0216796,0
Glasshouse,PADS,bow,glass,0.3,-21.0047,-13.044,-20.3241,-63.9981,597.338,-0.220559,-24.4566,5.43825,-0.00970764,0
Cinder Veil,PADS,air,wood,-0.77,-21.0024,-13.3415,-21.1445,-92.4971,1096.86,-0.207746,-31.1285,2.32241,0.31564,0
Satin Web,PADS,bow,membrane,1.72,-20.9984,-13.0704,-20.8061,-88.2956,274.976,-0.0300123,-28.618,5.74548,0.631724,0
Morning Frost,PADS,air,glass,1.2,-20.9989,-12.6056,-22.404,-44.5766,6457.13,0,-23.2313,2.46345,0.225577,0
Solace,PADS,bow,wood,0.6,-20.9956,-12.4198,-19.7695,-115.294,413.236,-0.039203,-25.9442,5.23341,-0.007363,0
Monsoon,PADS,air,membrane,0.79,-20.9966,-12.853,-18.0817,-86.0201,1717.63,0,-21.5833,2.23492,3.71769,0
Starlit Canopy,PADS,bow,glass,0.48,-21.0002,-11.5358,-19.0532,-59.6527,579.746,-0.204995,-19.7829,5.54026,0.00177449,0
Quartz Choir,PADS,air,glass,-0.97,-20.9982,-12.8255,-21.0919,-36.3012,3264.44,0,-23.0245,2.84603,0.164783,0
Ember Choir,PADS,air,wood,-0.1,-20.9986,-13.2634,-21.7184,-90.5436,1477.14,0,-30.3159,2.21706,0.410087,0
Levitation,PADS,bow,metal,0.89,-20.9967,-11.9852,-19.3067,-52.0485,872.426,-0.0709051,-22.5273,4.85865,0.026456,0
Hologram,PADS,bow,glass,0.21,-21.0008,-13.0161,-20.6246,-63.403,606.696,-0.00961477,-30.8901,5.55361,0.0382277,0
Snowfield,PADS,air,membrane,8.48,-20.9985,-11.9875,-13.7996,-71.1293,1242.92,0,-15.2042,1.92567,0.837518,0
Undertow,PADS,bow,metal,1.66,-21.0014,-12.5824,-20.1373,-51.3204,745.181,-0.235263,-25.6639,3.86428,-0.0561126,0
Solar Wind,PADS,air,metal,0.2,-21.0008,-12.6508,-21.2834,-32.4242,5770.9,0,-20.4265,2.81807,0.255186,0
Moss Garden,PADS,bow,wood,2.02,-20.997,-13.2029,-20.7283,-113.387,323.026,-0.188269,-31.533,4.80932,-0.0245128,0
Violet Hour,PADS,bow,membrane,1.13,-20.9986,-13.16,-20.8689,-95.4735,308.498,-0.170519,-29.088,5.55404,0.506548,0
Sea Glass,PADS,air,glass,2.13,-20.9974,-12.8651,-21.3263,-39.3785,2867.54,0,-24.1498,2.34742,0.155868,0
Distant Engine,PADS,bow,metal,0.69,-21.0025,-12.5216,-18.2813,-52.7079,802.656,-0.145474,-21.5442,3.8925,-0.01776,0
Satellite String,PLUCKED,pluck,metal,3.66,-20.9977,-7.47104,-8.10444,-69.8775,1070.7,-10.0326,-6.88777,1.90031,0.536251,0
Crystal Thread,PLUCKED,pluck,glass,4.07,-20.9986,-6.87156,-6.46673,-108.01,3660.09,-18.1785,-13.6448,0.715085,0.426288,0
Wire Garden,PLUCKED,pluck,metal,2.56,-20.9977,-9.09225,-10.2868,-69.2967,948.163,-8.96224,-9.20621,2.23271,1.01183,0
Mercury String,PLUCKED,pluck,metal,6.92,-21.0045,-9.77814,-3.6132,-66.8524,1123.48,-8.40326,-9.38225,2.87458,0.581838,0
Steel Tine Harp,PLUCKED,pluck,metal,3.1,-20.9997,-6.50687,-6.97858,-72.3405,1375.96,-10.6032,-6.74039,1.10575,1.0176,0
Nylon Dusk,PLUCKED,pluck,wood,2.67,-20.9998,-5.82748,-9.75256,-239.351,256.314,-76.8911,-24.0224,11.065,0.158022,0
Koto Mist,PLUCKED,pluck,metal,4.72,-21.0017,-8.19058,-6.72305,-57.1789,1194.3,-9.58875,-9.26762,1.09494,0.574335,0
Sitar Sympathy,PLUCKED,pluck,metal,2.54,-20.9982,-5.98818,-4.99626,-56.7658,2191.48,-10.0172,-9.65022,1.04959,0.81776,-6.40698
Banjo Skin,PLUCKED,pluck,membrane,2.97,-27.7431,-9.59156,-2.99505,-239.981,427.591,-129.724,-12.5456,5.80487,0.435255,0
Oud Night,PLUCKED,pluck,wood,2.81,-21.004,-5.83875,-9.59273,-236.622,257.867,-63.4001,-20.6192,6.86781,0.137411,0
Pizzicato Glass,PLUCKED,pluck,glass,9.36,-21.5549,-5.5163,-3.00277,-239.797,601.364,-80.1314,-14.4429,10.3858,0.0653921,0
Dulcimer Rain,PLUCKED,pluck,metal,3.54,-20.9995,-7.84109,-6.55794,-56.238,2000.89,-7.25028,-5.54363,2.99864,1.48002,0
Muted Bass,PLUCKED,pluck,wood,8.75,-21.3705,-9.30343,-3.00457,-239.985,242.957,-140.217,-18.2307,3.9283,0.135784,0
Silver Autoharp,PLUCKED,pluck,metal,3.31,-21.0002,-7.76105,-7.80733,-59.89,1232.89,-8.263,-7.0553,1.0711,0.816774,0
Twelve Strings,PLUCKED,pluck,metal,3.36,-20.9962,-5.89991,-6.66475,-72.5398,1345.61,-10.58,-6.62653,1.21946,0.950841,0
Guzheng Bend,PLUCKED,pluck,metal,8.47,-21.5609,-8.17416,-2.99873,-67.1946,1623.42,-9.15105,-9.50399,2.51953,0.750099,0
Lute Garden,PLUCKED,pluck,wood,2.88,-21.004,-6.56947,-8.54052,-239.845,223.337,-88.6856,-19.3045,10.6547,0.226997,0
Crystal Koto,PLUCKED,pluck,glass,3.16,-20.9966,-7.09531,-5.59478,-90.8669,4840.69,-15.7637,-11.0019,0.640134,0.458207,-5.82898
Shamisen Snap,PLUCKED,pluck,membrane,2.65,-32.997,-15.4482,-3.11103,-239.991,1042.65,-129.665,-12.8109,4.28748,0.304489,0
Harp of Wires,PLUCKED,pluck,metal,2.6,-20.9967,-8.56868,-9.25724,-41.6119,1514.71,-5.09428,-6.07524,0.744399,0.422476,0
Pendulum Harp,PLUCKED,pluck,glass,3.59,-21.0013,-6.27715,-5.55148,-97.3447,3601.74,-15.7081,-9.00556,1.05626,0.452193,-0.282666
Resonant Arp,PLUCKED,pluck,metal,4.23,-21.0023,-6.7784,-5.81985,-62.7019,2073.74,-8.67901,-6.34959,2.05237,0.580689,0
Clav Circuit,PLUCKED,pluck,wood,5.4,-29.1685,-9.6296,-3.21685,-239.992,1229.59,-135.629,-12.0565,4.07245,0.22478,0
Hollow Pluck,PLUCKED,pluck,metal,0.67,-21.0004,-9.62675,-10.1811,-70.8809,922.148,-9.13403,-13.0284,1.5415,1.57686,0
Gossamer,PLUCKED,pluck,glass,2.94,-20.9995,-8.99065,-11.1107,-74.1241,2040.6,-9.64365,-13.8156,0.916344,0.613944,0
Bass Harp,PLUCKED,pluck,metal,1.85,-21.0014,-9.53217,-11.2547,-56.9762,779.702,-6.60037,-11.1952,1.66518,0.882418,0
Chime Strings,PLUCKED,pluck,metal,2.34,-20.996,-6.44278,-7.17254,-58.9016,2011.02,-8.41858,-7.85652,0.851974,1.10794,-2.29512
Desert Lute,PLUCKED,pluck,wood,6.51,-22.4742,-3.19288,-3.00056,-239.983,313.133,-136.686,-20.1012,3.75488,0.568663,0
Neon Pluck,PLUCKED,pluck,metal,4.35,-21.0085,-7.57944,-6.07051,-159.35,1149.09,-21.5518,-8.16681,3.43907,0.468269,-3.254
Kinetic Harp,PLUCKED,pluck,glass,3.78,-20.997,-6.9861,-4.87045,-92.5093,3139.21,-14.0832,-9.84614,1.8924,0.541039,0
Fretless Bass,PLUCKED,pluck,wood,6.31,-20.9993,-10.1545,-4.5223,-239.914,283.433,-87.5888,-30.3692,12.3208,0.134963,0
Ghost Strings,PLUCKED,pluck,membrane,-1.03,-20.9969,-8.66774,-12.5539,-219.878,240.573,-44.7964,-15.2122,3.97607,2.72415,0
Mandolin Bright,PLUCKED,pluck,metal,5.39,-20.9972,-6.88803,-4.15298,-140.48,1081.57,-19.4614,-7.15399,2.53099,0.559242,-1.29497
Prepared String,PLUCKED,pluck,metal,2.99,-20.9985,-7.46977,-8.69779,-71.6867,762.488,-10.4884,-7.94417,2.29164,0.815082,0
Rubber Band,PLUCKED,pluck,membrane,1.98,-20.9965,-4.91722,-5.58992,-239.96,237.769,-96.3268,-16.9188,7.65968,1.2167,0
Pluck Constellation,PLUCKED,pluck,glass,2.9,-20.9961,-7.01778,-6.28758,-88.4831,4290.19,-14.2487,-8.83252,0.471164,0.556001,-1.84363
Black Bell,STRUCK,strike,metal,1.41,-21.0005,-8.82211,-12.5867,-46.4549,406.96,-5.00609,-6.23258,1.61535,0.130542,0
Zero Gravity Bell,STRUCK,strike,glass,1.1,-20.9968,-7.48337,-10.3431,-66.1188,1551.13,-10.1562,-3.6246,1.09488,0.271356,0
Cold Plate,STRUCK,strike,metal,-4.93,-24.1512,-9.71534,-2.99511,-60.9676,1776.34,-9.20683,-4.26778,0.705383,1.3297,0
Temple Lattice,STRUCK,strike,metal,0.12,-21.0016,-7.1017,-10.8538,-57.9114,765.134,-6.80572,-7.1827,1.37901,0.618843,0
Tine Piano,STRUCK,strike,metal,3.06,-20.995,-10.3833,-11.7194,-73.8397,540.695,-7.15325,-11.8752,1.86528,0.552143,0
Carillon,STRUCK,strike,metal,0.06,-21.0008,-8.04872,-5.90403,-50.1303,1149.45,-6.43729,-6.46109,1.17108,0.373962,0
Motor Vibes,STRUCK,strike,metal,2.58,-21.0002,-9.33011,-11.3955,-61.1013,702.191,-6.29635,-8.08252,1.52398,0.586118,0
Celesta Box,STRUCK,strike,metal,0.8,-20.9954,-8.58361,-5.51729,-84.8146,1011.46,-10.8702,-9.78006,1.15557,0.859681,0
Glass Glockenspiel,STRUCK,strike,glass,2.94,-20.9971,-7.39419,-4.74683,-82.5215,2558.75,-11.7821,-6.70268,0.555933,0.288423,0
Tubular Hall,STRUCK,strike,metal,-1.08,-21.0004,-6.60333,-5.78027,-51.1604,1197.64,-5.94931,-3.37614,0.830874,0.866433,0
Singing Bowl,STRUCK,strike,metal,1.29,-21.0023,-7.83444,-12.5103,-38.0556,389.506,-3.26381,-7.02374,0.76627,0.533052,0
Handpan Circle,STRUCK,strike,metal,3.51,-21.0018,-10.0277,-11.8622,-53.9239,512.865,-5.81969,-9.11703,1.43074,0.354204,0
Steel Pan Sun,STRUCK,strike,metal,0.52,-21.005,-7.50949,-7.52063,-65.26,991.445,-8.34314,-8.38165,1.19199,0.751007,0
Gong Bloom,STRUCK,strike,metal,3.97,-21.0031,-7.5052,-12.6804,-38.8581,283.773,-2.7775,-4.5633,1.06554,-1.25559,0
Tam-Tam Wash,STRUCK,strike,metal,-0.84,-20.9999,-7.63164,-4.50824,-44.131,1746.31,-4.93311,-3.47582,1.95349,-2.15138,0
Glass Piano,STRUCK,strike,glass,3.16,-21.0019,-10.1288,-10.0279,-178.424,758.808,-12.5322,-10.8803,0.52315,0.202341,0
Crotale Sparks,STRUCK,strike,metal,-2.46,-21.0028,-6.63858,-3.18499,-52.9584,2264.42,-8.19831,-4.8297,0.712635,0.856379,0
Hammered Dulcimer,STRUCK,strike,metal,-0.97,-20.9997,-5.24371,-3.01996,-70.6766,1311.27,-9.93708,-6.11386,1.08808,0.804172,0
Music Box Dream,STRUCK,strike,metal,-0.95,-23.242,-9.04238,-3.00041,-75.5556,1447.15,-10.5483,-10.9652,1.32528,0.900471,0
Temple Gong,STRUCK,strike,metal,2.13,-20.9979,-8.91357,-12.96,-43.7545,298.538,-4.04189,-6.93968,1.64215,0.319828,0
Crystal Bowl,STRUCK,strike,glass,1.75,-21.0042,-8.62603,-14.4578,-41.7651,441.297,-4.62842,-6.10327,0.53561,0.22954,0
Wind Bell,STRUCK,strike,metal,0.06,-20.9968,-6.98764,-6.01791,-50.9168,1360.34,-6.15812,-4.90922,1.22945,0.434228,0
Soft Mallet Keys,STRUCK,strike,wood,0.98,-20.9956,-8.62841,-11.5865,-232.794,220.402,-52.641,-19.216,1.43774,0.0936298,0
Bell Tree,STRUCK,strike,metal,-2.48,-20.9984,-7.06644,-4.81282,-61.1548,1510.52,-8.25289,-3.84693,0.71155,0.968961,0
Chime Garden,STRUCK,strike,metal,-0.25,-20.999,-7.57205,-3.31569,-50.11,2368.2,-6.45491,-6.17767,2.10295,0.193283,0
Frozen Bell,STRUCK,strike,glass,-0.06,-21.0019,-8.54375,-10.7829,-35.4776,990.429,-3.35224,-2.96543,0.58916,0.262169,0
Dark Carillon,STRUCK,strike,metal,1.93,-20.9985,-8.87701,-11.1138,-46.2688,407.936,-5.462,-6.25005,1.77474,0.242439,0
Harmonic Gong,STRUCK,strike,metal,0.94,-20.9992,-9.48854,-12.3228,-47.0941,467.567,-4.51798,-5.46032,1.00747,0.538248,0
Felt Piano,STRUCK,strike,metal,3.14,-20.9965,-10.7678,-14.6744,-154.283,307.502,-7.33177,-14.5071,2.08825,0.449687,0
Toy Piano,STRUCK,strike,metal,-3.42,-22.2508,-9.20665,-2.99648,-94.4264,1507.25,-11.9555,-5.23591,0.904842,0.977752,0
Clockwork Bell,STRUCK,strike,metal,0.28,-20.9991,-7.1057,-4.15582,-48.2812,1974.2,-5.66583,-5.07794,2.52863,0.550176,0
Bronze Age,STRUCK,strike,metal,1.58,-20.9984,-8.224,-10.6037,-49.0626,627.217,-4.95709,-5.78179,1.67407,0.128751,0
Cloud Bell,STRUCK,strike,glass,1.78,-21.0013,-7.84574,-12.015,-61.8723,693.657,-7.67668,-4.01497,0.768178,0.2365,0
Tuned Pipes,STRUCK,strike,metal,1.67,-20.995,-8.94294,-4.16603,-59.1482,1142.88,-7.51877,-9.42222,0.961978,0.641407,0
Bonang Row,STRUCK,strike,metal,0.88,-20.9956,-8.07709,-5.85897,-54.6399,1110.22,-6.35386,-5.41334,1.31221,0.0366434,0
Pulse Bell,STRUCK,strike,metal,0.24,-21.0049,-7.11166,-5.86739,-48.7431,1528.14,-5.91325,-4.55903,1.23601,0.19835,0
Frozen Wire,BOWED,bow,metal,-2.32,-20.9962,-12.104,-17.5174,-62.2657,1178.1,-0.112736,-26.8905,2.69449,0.000431062,0
Tension Bloom,BOWED,bow,wood,0.35,-20.9978,-12.8772,-20.2745,-171.887,584.195,-0.103616,-29.3452,4.44746,0.0199994,0
Rosin Glass,BOWED,bow,glass,0.32,-20.9985,-13.1278,-20.9187,-70.1173,473.122,-0.0898475,-33.1741,5.29384,-0.0228575,0
Bowed Timber,BOWED,bow,wood,-1.57,-21,-13.2004,-20.3623,-174.623,522.213,-0.167198,-37.435,4.0499,0.0020434,0
Cello Nocturne,BOWED,bow,wood,-0.55,-20.9961,-12.5074,-19.2648,-172.935,464.173,0,-21.9586,3.99596,0.0207266,0
Sul Tasto Viola,BOWED,bow,wood,0.97,-21.0026,-13.2201,-20.6274,-175.097,322.847,-0.168754,-34.6205,5.52649,0.0190264,0
Arco Bass,BOWED,bow,wood,4.64,-20.9979,-17.6128,-15.7459,-173.556,677.53,-0.0116719,-40.115,2.54382,-0.00156281,0
Bowed Cymbal,BOWED,bow,metal,-2.74,-20.9995,-11.6802,-18.1492,-63.6723,1225.74,-0.120784,-22.7894,2.45048,0.00334057,0
Musical Saw,BOWED,bow,metal,4.03,-21.0048,-16.1381,-15.2524,-69.0016,1239.75,-0.0158163,-22.2892,4.16276,-0.0146681,0
Armonica,BOWED,bow,glass,1.37,-20.9999,-11.7137,-19.4588,-66.0218,399.034,-0.110182,-19.9221,5.85664,-0.00609305,0
Erhu Glide,BOWED,bow,membrane,2.63,-21.0037,-17.6621,-15.6628,-172.894,637.81,-0.00363374,-35.587,3.77447,0.413941,0
String Ensemble,BOWED,bow,wood,0.62,-21.0032,-12.6565,-20.5232,-166.56,358.063,-0.111287,-23.836,4.96869,0.000472437,0
Bowed Gong,BOWED,bow,metal,2,-20.9982,-11.9575,-19.7267,-56.0464,842.164,-0.219134,-19.8296,2.90737,-0.000493483,0
Tremolo Strings,BOWED,bow,wood,-0.58,-21.0048,-13.2104,-20.4931,-171.028,509.073,-0.0387767,-32.4719,4.30182,0.000992613,0
Ice Bow,BOWED,bow,glass,-2.69,-21.0027,-12.9124,-20.6601,-76.0659,692.205,-0.122363,-30.2734,5.52703,-0.0328617,0
Bowed Vibes,BOWED,bow,metal,0.7,-20.9977,-11.8755,-19.4742,-59.7898,750.573,-0.0469631,-26.4933,4.76464,-0.0123811,0
Nyckelharpa,BOWED,bow,wood,-1.23,-20.9959,-11.5877,-18.8131,-170.949,572.482,-0.0807645,-22.3367,3.65982,0.00444149,0
Hurdy Wheel,BOWED,bow,wood,-2.62,-20.9995,-12.0574,-18.8768,-170.549,630.091,-0.0232346,-25.1719,3.20642,0.000622449,0
Silk Bow,BOWED,bow,membrane,1.1,-21.005,-13.2899,-20.8266,-162.485,255.337,-0.153794,-31.0314,5.97284,0.945856,0
Rusty Hinge,BOWED,bow,metal,4.43,-21.0019,-11.3026,-18.7853,-73.5393,1253.18,-0.177425,-15.601,1.81318,0.00337686,0
Growl Skin,BOWED,bow,membrane,5.13,-20.9983,-17.81,-16.0098,-175.13,389.431,-0.00897425,-33.5363,2.3934,0.129041,0
Flageolet,BOWED,bow,wood,-1.94,-21.0018,-12.9387,-19.9267,-171.364,526.73,-0.0140511,-31.0759,5.55911,0.0178214,0
Choir of Glasses,BOWED,bow,glass,0.19,-21.0008,-12.8025,-19.9786,-69.6767,494.989,0,-23.7149,5.38865,-0.00839809,0
Quartet Web,BOWED,bow,wood,-0.54,-20.9983,-12.2859,-19.6117,-170.887,521.452,-0.0484237,-25.0932,4.26893,0.00061421,0
Sul Ponticello,BOWED,bow,wood,-3.08,-21.0044,-12.7025,-19.7138,-171.499,845.316,-0.0414798,-28.7169,2.92781,0.0043078,0
Bowed Crotales,BOWED,bow,metal,-1.19,-20.9951,-11.9978,-19.4336,-60.3303,928.662,-0.0125601,-24.328,5.04508,0.00634811,0
Legato Lead,BOWED,bow,wood,0.31,-21.0015,-15.8655,-14.1059,-172.481,1134.77,0,-19.0253,1.84536,-0.256096,0
Arco Shimmer,BOWED,bow,glass,-0.26,-20.9956,-13.0354,-20.6507,-74.3853,605.074,0,-25.7958,5.22756,-0.118339,0
Rubbed Skin,BOWED,bow,membrane,2.8,-21.0046,-13.1349,-20.6672,-172.822,377.289,-0.0498646,-32.3347,3.2128,0.0664598,0
Steel Cello,BOWED,bow,metal,0.37,-21.0048,-11.0435,-18.4807,-65.3455,975.786,-0.0971428,-13.6457,3.27906,0.00738606,0
Cantabile,BOWED,bow,wood,3.43,-20.9972,-17.6799,-15.7239,-170,782.977,-0.00202292,-34.1777,3.13846,0.00475073,0
Bow and Chain,BOWED,bow,metal,0.5,-21.0004,-12.0975,-19.4505,-59.2083,936.016,-0.109653,-21.9298,3.42015,-0.00101821,0
Spectral Bow,BOWED,bow,glass,-0.62,-20.9966,-11.4835,-19.1672,-70.878,536.915,-0.0901103,-20.8983,5.37556,-0.000177866,0
Bariolage,BOWED,bow,wood,-1.74,-21.0009,-12.1356,-18.7306,-170.248,594.613,-0.0197786,-26.3698,3.88354,-0.0497642,0
Glass Choir,AIR,air,glass,-0.27,-20.9999,-13.0154,-21.8763,-52.4314,3335.45,0,-26.5354,2.83902,0.194668,0
Resonant Fog,AIR,air,membrane,1.89,-21.0007,-12.6228,-19.0106,-105.886,1199.98,0,-22.4452,2.14386,3.80507,0
Bottle Organ,AIR,air,wood,-1.57,-21.0003,-13.1613,-22.026,-178.447,1525.52,0,-35.5852,2.55441,0.236543,0
Reed Array,AIR,air,metal,-1.94,-21.0004,-13.2764,-22.9031,-47.9344,3201.6,0,-28.0894,2.8061,0.136535,0
Shakuhachi Dusk,AIR,air,wood,5.66,-20.9998,-17.5663,-15.7028,-171.3,2449.64,-0.449152,-31.4866,2.00758,0.344937,0
Pan Pipes,AIR,air,wood,0.27,-21.0036,-12.9802,-20.6768,-172.432,2406.38,-0.200273,-28.5145,2.35743,0.363366,0
Glass Flute,AIR,air,glass,-2.39,-20.9979,-13.1172,-22.8191,-48.4767,3438.13,0,-30.8181,3.04089,0.138208,0
Principal Chorus,AIR,air,wood,-1.55,-20.9972,-13.1678,-21.861,-168.318,764.326,-0.0661457,-26.1415,3.16812,0.193202,0
Melodica Street,AIR,air,metal,-1.46,-20.9977,-13.1177,-22.7007,-46.4939,3274.72,0,-36.264,3.03049,0.132811,0
Harmonium Celeste,AIR,air,metal,-0.59,-21.0012,-12.8438,-23.95,-43.4877,2749.35,0,-31.1233,2.78499,0.171491,0
Accordion Musette,AIR,air,metal,-1.74,-20.9971,-13.0711,-22.5006,-46.4918,4009.4,0,-33.6799,2.83784,0.143094,0
Clay Ocarina,AIR,air,membrane,-1.22,-20.9992,-13.1528,-22.2457,-112.445,340.285,0,-30.6829,2.48586,3.11966,0
Whistle Wind,AIR,air,glass,2.14,-20.9994,-12.4647,-18.8677,-59.3992,7358.19,0,-18.6595,2.26463,0.197145,0
Didgeridoo Drone,AIR,air,wood,1.74,-21.0023,-17.812,-16.8567,-167.057,1046.93,0,-34.5434,3.09818,0.103781,0
Sheng Cluster,AIR,air,metal,-1.79,-21.0013,-13.2243,-23.381,-43.3418,3299.01,0,-28.2866,3.0655,0.156686,0
Breath of Glass,AIR,air,glass,14.31,-21.0029,-10.3475,-9.36362,-52.9817,5130.88,-0.596784,-10.1362,1.84723,-0.0436847,0
Blown Bottles,AIR,air,glass,-0.52,-20.9969,-13.1409,-21.5617,-44.8426,1288.63,0,-25.7824,2.70243,0.138135,0
Kettle Whistle,AIR,air,metal,2.09,-20.9992,-17.2495,-17.7455,-41.1306,6006.94,0,-24.9677,3.11201,0.074716,0
Flute Choir,AIR,air,wood,-0.44,-21.0032,-13.1484,-21.1886,-166.987,1883.86,-0.128036,-28.1855,2.57708,0.361846,0
Bansuri Glide,AIR,air,wood,4.91,-20.9992,-17.6487,-16.4907,-166.724,3091.47,-0.158749,-30.1866,2.16669,0.37894,0
Brass Breath,AIR,air,metal,-3.27,-20.9983,-13.6622,-22.6726,-45.1183,2758.94,0,-33.228,3.43008,0.102553,0
Conch Call,AIR,air,membrane,2.95,-21.0001,-17.6529,-16.7023,-147.336,575.841,-0.0753262,-26.5568,3.03252,1.43598,0
Hollow Reed,AIR,air,wood,-2.29,-21.0026,-13.2337,-21.9775,-171.507,891.711,-0.146121,-34.7498,3.05863,0.236896,0
Wind Harp,AIR,air,wood,11.68,-21.0005,-12.6898,-12.1543,-109.653,5414.11,0,-18.778,1.73416,1.11555,0
Vocal Tract,AIR,air,wood,-0.94,-20.9995,-13.1649,-22.1392,-162.38,1664.14,-0.137196,-30.8962,2.80676,0.467536,0
Recorder Consort,AIR,air,wood,-1.61,-21.0034,-13.345,-22.1301,-173.106,1910.42,-0.116562,-36.5661,2.67073,0.413018,0
Steam Organ,AIR,air,metal,-4.15,-21.0018,-14.0406,-22.3679,-43.4778,4145.77,0,-24.3859,2.70247,0.038167,0
Pipe Dream,AIR,air,glass,2.79,-20.9964,-12.6351,-22.0629,-49.4001,3537.45,0,-21.3252,2.49193,0.13587,0
Mirliton,AIR,air,membrane,-2.95,-21.0009,-13.7095,-21.1446,-159.378,1089.17,-0.109698,-31.867,2.49217,1.56136,0
Low Whistle,AIR,air,metal,5.28,-21.0024,-17.5457,-20.2194,-38.5658,2747.84,0,-31.9764,2.63945,0.176296,0
Air Chimes,AIR,air,metal,15.55,-21.0005,-9.1573,-7.33757,-44.1266,7534.72,-0.428223,-5.53506,1.68017,-14.1188,0
Crystal Whistle,AIR,air,glass,2.57,-21.0018,-17.5455,-17.4385,-51.0084,5962.16,0,-25.1645,2.87811,0.152752,0
Breath Engine,AIR,air,wood,0.52,-21.0015,-13.114,-19.9493,-171.16,3199.73,-0.123865,-28.3974,2.2098,0.31615,0
Ghost Choir,AIR,air,membrane,2.49,-20.9972,-12.2755,-19.1896,-104.086,2064.64,0,-18.4542,2.01324,2.63497,0
Glass Engine,GLASS,strike,glass,2.44,-20.9982,-7.64757,-5.82234,-85.0842,1728.14,-11.5799,-3.74155,1.82616,0.240627,0
Prism Harp,GLASS,pluck,glass,4.44,-21.0007,-6.53815,-5.61215,-95.0942,3163.73,-15.3294,-8.19884,0.602011,0.423993,0
Ice Lattice,GLASS,strike,glass,3.84,-20.9966,-6.7231,-7.58029,-64.6554,3751.1,-8.56385,-3.03211,1.19254,0.436792,-2.61998
Wine Glass Rim,GLASS,bow,glass,5.92,-21.0009,-17.7217,-16.0089,-70.8411,899.795,-0.0133184,-31.5448,4.42289,-0.0448977,0
Glass Marimba,GLASS,strike,glass,2.81,-20.9967,-8.84365,-11.6266,-88.368,600.394,-12.3485,-9.06985,0.498492,0.178624,0
Shard Rain,GLASS,strike,glass,-1.53,-21.0015,-7.4089,-5.0788,-53.5271,6001.54,-6.89863,-4.15784,1.80551,45.6104,-13.2022
Crystal Cavern,GLASS,strike,glass,4.03,-20.9997,-9.95226,-13.4814,-58.5958,335.079,-6.72089,-7.61408,0.66388,0.17398,0
Glass Harmonics,GLASS,pluck,glass,4.48,-20.9984,-5.94129,-5.25626,-97.574,3724.06,-15.892,-9.87118,0.772292,0.404618,-1.71901
Fiber Optic,GLASS,pluck,glass,3.95,-21.0003,-6.79595,-3.59209,-145.571,3627.91,-22.1148,-9.41584,1.69351,0.351443,-4.15277
Refraction,GLASS,pluck,glass,0.38,-21.0021,-6.07831,-7.54037,-62.3107,7834.36,-11.3437,-6.1906,0.787081,0.867065,-2.82981
Ice Keys,GLASS,strike,glass,2.07,-21.0018,-8.35671,-4.65907,-175.536,2195.37,-14.6096,-6.67064,0.539328,0.259976,0
Quartz Oscillator,GLASS,strike,glass,2.96,-21.001,-10.2333,-10.4667,-53.1607,1015.25,-5.61178,-14.3416,0.382987,0.376148,0
Condensation,GLASS,air,glass,18,-21.3075,-8.7656,-6.85775,-65.9106,7168.56,-0.739976,-7.71768,1.73264,-0.0107037,0
Window Pane,GLASS,strike,glass,2.73,-20.9976,-8.27344,-5.83899,-120.212,1952.87,-18.0061,-3.82043,0.686025,-0.542988,0
Lens Flare,GLASS,pluck,glass,0.96,-21.0023,-6.83829,-6.82968,-88.648,7703.04,-15.5521,-9.18051,0.590018,0.699438,-7.36558
Frozen Lake,GLASS,strike,glass,1.46,-20.9998,-8.87089,-11.0968,-51.4766,540.601,-5.485,-4.71678,0.549413,-0.125151,0
Glass Organ,GLASS,air,glass,-3.13,-20.9959,-13.0424,-23.5326,-84.636,1685.25,0,-30.435,2.90063,0.0794218,0
Chandelier,GLASS,strike,glass,-0,-20.9956,-6.01949,-4.60684,-55.8969,5548.49,-6.14185,-2.99193,1.20131,0.835171,0
Hourglass,GLASS,pluck,glass,4.45,-20.9989,-6.18759,-7.19012,-107.257,2258.33,-17.0515,-11.3282,1.20661,0.477523,0
Spun Sugar,GLASS,pluck,glass,5.3,-25.1668,-8.91604,-2.99638,-223.981,1659.4,-49.797,-10.2693,1.68559,0.0905961,-1.24104
Glass Bass,GLASS,pluck,glass,5.7,-21.0007,-11.3267,-7.31839,-185.873,816.039,-23.2398,-19.1193,3.20524,0.212225,0
Vitreous,GLASS,bow,glass,1.6,-20.9992,-13.1278,-21.0831,-71.0447,534.529,-0.0710447,-26.2272,4.85205,0.0302131,0
Clear Water,GLASS,strike,glass,1.7,-21.0037,-6.90879,-7.76485,-77.7544,1305.88,-10.4103,-4.93072,0.930744,0.240093,0
Glass Tines,GLASS,pluck,glass,5.05,-21.0013,-8.72693,-8.30158,-166.378,1034.62,-26.016,-17.5388,1.58496,0.272768,0
Crystal Web,GLASS,strike,glass,4.68,-21.0018,-6.45664,-6.59323,-63.8423,1562.8,-8.03572,-3.54204,0.381435,0.386476,0
Snow Globe,GLASS,strike,glass,1.33,-20.9999,-7.27076,-7.7491,-59.452,2809.57,-8.1382,-1.39517,2.02532,0.20425,0
Glass Horn,GLASS,air,glass,-0.57,-20.9998,-17.9355,-18.1145,-55.3092,2017.26,0,-31.712,3.4444,0.0726931,0
Mirror Maze,GLASS,pluck,glass,4.68,-21.0034,-6.39177,-6.56356,-94.1757,3018.79,-14.1298,-7.55753,2.17705,0.731696,0
Glass Lullaby,GLASS,strike,glass,3.08,-20.9999,-8.93111,-13.6318,-75.7907,400.57,-9.98339,-7.95167,1.2038,0.20362,0
Diamond Dust,GLASS,strike,glass,-5.71,-21.0028,-7.08127,-5.2349,-53.81,6862.28,-6.26094,-3.93592,2.44187,-95.2296,-16.741
Borosilicate,GLASS,strike,glass,1.76,-21.0033,-8.38059,-5.59653,-73.0344,1535.38,-12.7897,-5.17404,0.703218,0.324815,0
Slow Alloy,METAL,bow,metal,1.58,-20.9967,-12.0051,-19.3951,-58.9598,869.007,-0.218856,-18.483,4.3921,-0.0453282,0
Copper Rain,METAL,pluck,metal,4.88,-21.0004,-6.26315,-3.94759,-71.6611,1650.9,-11.5728,-6.35518,2.38447,1.36566,0
Iron Flower,METAL,strike,metal,1.36,-21.0034,-8.72359,-6.67908,-47.6123,3313.85,-6.23844,-6.35287,2.82361,-11.2447,0
Gamelan Engine,METAL,strike,metal,0.08,-21.0031,-7.46884,-5.75914,-58.69,1538.83,-7.44858,-5.30134,2.34214,0.928114,0
Spring Coil,METAL,pluck,metal,3.49,-20.9985,-8.31755,-5.6474,-56.9542,1486.18,-8.1134,-12.2661,4.24814,-2.65015,-2.65308
Rusted Pipes,METAL,strike,metal,2.37,-21.0012,-9.30599,-8.57873,-82.5351,556.907,-11.6232,-7.02757,2.16,-0.0528636,0
Chainmail,METAL,strike,metal,-6.75,-26.1267,-11.6384,-3.00332,-86.0437,2383.17,-14.2851,-4.9318,2.89503,-2.75178,0
Titanium,METAL,strike,metal,-4.03,-21.0044,-5.98629,-3.34774,-48.8479,2605.91,-6.04231,-4.46558,0.611251,1.48392,0
Quicksilver,METAL,bow,metal,3.6,-21.0021,-15.9109,-14.5586,-67.3352,1358.95,0,-17.3159,3.97444,-0.0253781,0
Railroad,METAL,strike,metal,-1.73,-21.0035,-8.84303,-3.13166,-40.4605,2052.37,-4.94409,-7.74999,0.677566,0.174689,0
Wire Choir,METAL,bow,metal,0.67,-21.0028,-10.8473,-13.176,-61.7413,906.681,0,-15.5027,4.37411,0.0101976,0
Tin Tines,METAL,pluck,metal,2.9,-21.0068,-9.59964,-8.20426,-96.4405,653.967,-15.8048,-9.29411,2.94095,0.662181,0
Thunder Sheet,METAL,strike,metal,5.06,-21.0013,-8.15126,-9.80789,-42.4974,1848.86,-4.03976,-2.93564,4.1632,-7.11012,-4.65841
Forge Glow,METAL,bow,metal,1.66,-21.0046,-11.6735,-18.787,-62.4857,770.872,-0.222451,-15.2368,4.03306,0.00166587,0
Foundry,METAL,strike,metal,0.86,-20.9957,-9.91159,-9.13024,-45.8773,960.58,-4.38224,-5.0606,1.65977,-0.0737109,0
Hollow Steel,METAL,pluck,metal,2.19,-21.0021,-7.8238,-10.6441,-100.543,558.312,-14.8825,-13.1065,3.42503,0.90446,0
Bell Plate,METAL,strike,metal,2.06,-21.0004,-8.66057,-10.1277,-37.2573,594.256,-2.75139,-5.86137,0.846035,0.0132472,0
Copper Coil,METAL,pluck,metal,3.68,-20.9958,-8.68193,-9.87674,-66.3747,636.294,-8.61115,-10.6716,2.82726,0.207157,0
Tuning Fork,METAL,strike,metal,2.56,-21.0011,-9.92943,-11.2565,-42.6122,880.727,-4.09922,-18.4286,0.462577,0.854302,0
Magnet Hum,METAL,air,metal,-0.5,-21.0021,-12.9082,-24.4807,-36.745,1366.09,0,-31.318,3.2374,0.233831,0
Tuned Rails,METAL,strike,metal,-0.7,-21.0023,-7.57084,-3.66099,-47.8381,1545.14,-5.60451,-4.48206,0.873645,0.7547,0
Chrome Keys,METAL,strike,metal,-2.89,-20.9956,-6.77033,-3.62322,-153.223,1829.2,-11.6984,-5.98787,1.08972,0.864424,0
Razor Wire,METAL,pluck,metal,0.03,-20.9997,-8.17059,-7.69624,-73.1666,3141.83,-14.3743,-10.3354,0.983148,0.498848,-10.1476
Underwater Bell,METAL,strike,metal,3.43,-20.9954,-9.25946,-12.9288,-47.6898,392.576,-5.81851,-5.64178,4.2311,0.123962,0
Steel Wool,METAL,air,metal,11.4,-21.003,-9.86155,-10.311,-48.8226,8061.17,0,-7.76704,1.72257,-0.886914,0
Oil Drum,METAL,strike,metal,2.53,-20.9984,-9.46982,-11.4868,-53.7653,384.522,-5.58088,-8.11479,2.32803,0.0726325,0
Brake Drum,METAL,strike,metal,-4.6,-22.8217,-8.69729,-2.99954,-71.4953,1540.38,-11.5368,-7.38855,1.49516,0.00868291,0
Pedal Steel,METAL,pluck,metal,7.28,-20.996,-8.99572,-4.54288,-62.2188,1689.92,-8.81847,-9.6142,4.41213,1.44304,0
Resonator Cone,METAL,pluck,metal,2.56,-20.9957,-7.63404,-6.48318,-79.859,1151.23,-12.771,-8.16671,2.30957,0.85738,0
Waterphone,METAL,bow,metal,2.59,-21.0047,-11.7059,-19.8266,-58.4636,1066.07,-0.133581,-14.9191,3.21079,-0.47234,0
Scrapyard,METAL,strike,metal,1.12,-20.9963,-7.81144,-3.26182,-57.6893,1352.56,-7.38828,-4.83078,4.68567,1.77843,0
Reverb Plate,METAL,strike,metal,-2.12,-21.0019,-5.95871,-3.7454,-34.1298,5066.08,-4.51159,-4.59802,1.42444,-34.1324,-2.80775
Magnetic Wood,WOOD,strike,wood,2.1,-21.2087,-7.27376,-3.00314,-214.435,501.246,-44.3382,-8.86265,11.3413,0.102302,0
Hollow Marimba,WOOD,strike,wood,0.96,-20.9954,-6.29602,-5.23703,-235.723,330.298,-55.4756,-13.3072,1.60765,0.109554,0
Timber Code,WOOD,pluck,wood,3.88,-20.9997,-4.92745,-6.82351,-239.966,250.215,-132.821,-27.0647,4.6546,0.357935,0
Rosewood Keys,WOOD,strike,wood,0.47,-21.0042,-6.96997,-10.2121,-230.985,246.479,-47.0326,-15.9714,1.54892,0.117907,0
Balafon,WOOD,strike,wood,0.07,-21.6494,-6.00446,-3.00355,-236.909,891.435,-63.8323,-9.69099,11.866,-0.0578806,0
Mbira Calabash,WOOD,pluck,wood,2.43,-21.0138,-6.62634,-6.87299,-239.929,887.113,-126.846,-25.9268,7.1539,-0.233049,0
Bamboo Chimes,WOOD,strike,wood,2.41,-23.5904,-7.76922,-3.00133,-225.72,623.876,-53.7352,-6.06879,6.7214,1.12689,-1.68248
Xylophone,WOOD,strike,wood,-4.9,-28.2976,-8.10882,-2.99649,-239.602,487.702,-74.7175,-13.3043,10.5923,0.101398,0
Guitar Body Tap,WOOD,strike,wood,3.09,-20.9958,-5.96314,-6.04946,-239.393,269.249,-75.8548,-13.5135,8.87887,0.0591702,0
Cigar Box Slide,WOOD,pluck,wood,5.16,-24.774,-11.5068,-3.93578,-239.925,1517.51,-121.659,-12.709,1.93069,0.279968,0
Clavichord,WOOD,pluck,wood,3.12,-28.5447,-10.2583,-2.99779,-239.982,363.795,-128.734,-14.0528,3.27483,0.940027,0
Treehouse,WOOD,strike,wood,1.72,-21.0002,-7.45437,-8.54091,-227.25,335.061,-49.0295,-10.5097,1.62743,0.00329967,0
Driftwood,WOOD,strike,wood,5.78,-20.9953,-6.03435,-8.01682,-239.735,216.863,-98.0357,-13.7848,4.94686,0.568651,0
Woodpecker,WOOD,strike,wood,0.4,-25.1103,-7.29613,-2.99539,-239.957,454.53,-125.885,-10.2827,4.0861,0.483894,0
Pine Needles,WOOD,pluck,wood,4.09,-25.3054,-6.91537,-3.00069,-239.961,422.276,-127.078,-16.4549,2.63767,2.40037,-8.66789
Mokugyo,WOOD,strike,wood,2.32,-21.0042,-6.12629,-9.11083,-235.138,238.813,-61.4834,-13.9722,7.38929,0.0905158,0
Marimba Bass,WOOD,strike,wood,-0.31,-21,-9.78092,-13.2934,-219.088,216.623,-38.2575,-22.3421,2.22945,0.104218,0
Hollow Log,WOOD,strike,wood,1.86,-20.9961,-6.98981,-7.01749,-235.637,256.54,-59.7914,-15.2174,5.61412,0.0930421,0
Spruce Harp,WOOD,pluck,wood,0.64,-20.9995,-7.85335,-9.10337,-227.906,279.357,-51.9491,-15.0764,3.18718,0.305842,0
Bamboo Pipes,WOOD,strike,wood,1.24,-21.0029,-7.48828,-6.76925,-229.997,300.439,-53.351,-12.1329,1.94397,0.134984,0
Wooden Toy,WOOD,strike,wood,-2.93,-27.1473,-9.23642,-2.9971,-239.9,482.748,-84.7603,-10.8386,10.4084,0.131997,0
Forest Floor,WOOD,strike,wood,5.98,-24.9801,-7.64599,-3.00361,-239.697,537.221,-98.7765,-7.06034,6.74233,-1.10562,0
Luthier's Bench,WOOD,strike,wood,-1.32,-21.0629,-4.41918,-3.00315,-220.532,534.781,-43.7762,-10.6474,1.53919,0.166507,0
Phase Shift,WOOD,bow,wood,-0.49,-21.0044,-13.0622,-19.552,-170.947,515.211,-0.0816161,-29.2044,5.31216,-0.149315,0
Porch Stomp,WOOD,strike,wood,2.83,-21.0096,-8.00244,-10.8769,-239.77,795.8,-81.5557,-20.4138,9.4128,0.100704,0
Kora Bridge,WOOD,pluck,wood,3.61,-20.9989,-6.30917,-4.33572,-232.495,359.029,-61.4382,-12.2906,2.53493,0.24577,0
Sawmill,WOOD,bow,wood,-3.19,-20.9984,-13.1475,-18.7869,-168.133,805.296,-0.0932802,-26.3068,1.93148,-0.0240681,0
Harpsichord Quill,WOOD,pluck,wood,4.08,-27.803,-9.65029,-3.00103,-239.972,585.278,-124.974,-15.7054,8.50801,0.128477,0
Balsa Plucks,WOOD,pluck,wood,5.58,-21.0012,-5.59446,-5.53964,-239.95,245.925,-130.017,-25.3948,2.33189,2.17735,0
Creaking Oak,WOOD,bow,wood,8.08,-21,-12.8912,-20.3951,-165.33,613.441,-0.249457,-30.4331,2.06818,-0.00775281,0
Tonewood,WOOD,air,wood,-0.64,-21.004,-13.1918,-20.9997,-165.15,1584.86,-0.126458,-29.0621,2.55475,0.351006,0
Rainstick,WOOD,air,wood,18,-21.5966,-7.77808,-6.45563,-155.576,5151.25,-0.279845,-4.83693,2.01405,-12.3606,0
Membrane Sky,MEMBRANE,strike,membrane,-0.58,-20.9982,-8.43431,-10.4827,-205.312,238.937,-34.0729,-9.7183,1.90006,1.1754,0
Deep Frame,MEMBRANE,strike,membrane,0.58,-20.9995,-6.43439,-9.53194,-238.342,211.178,-65.1145,-13.2969,8.83532,0.452374,0
Ghost Membrane,MEMBRANE,air,membrane,1.52,-20.9988,-12.6588,-19.7606,-136.344,1436.56,0,-25.848,1.95988,4.24332,0
Talking Skin,MEMBRANE,strike,membrane,0.96,-21.5595,-7.42394,-2.99901,-239.572,227.545,-75.6937,-11.9506,11.6657,0.679088,0
Timpani,MEMBRANE,strike,membrane,-2.22,-21.0027,-7.23797,-10.621,-187.28,217.475,-27.8065,-11.9493,2.07942,1.36219,0
Tabla Dayan,MEMBRANE,strike,membrane,0.06,-20.9966,-7.33575,-3.30511,-218.932,376.037,-37.8585,-11.2593,3.08557,1.37037,0
Tabla Bayan,MEMBRANE,strike,membrane,-1.06,-20.9994,-8.28694,-4.98953,-225.694,233.969,-48.4369,-11.0614,1.68781,1.29786,0
Conga Slap,MEMBRANE,strike,membrane,0.77,-23.621,-7.36554,-3.00095,-239.908,265.474,-88.0116,-9.37972,11.7433,0.475914,0
Bodhran,MEMBRANE,strike,membrane,0.9,-21.0006,-6.41285,-6.57925,-234.165,222.956,-55.6607,-10.4359,3.07014,0.673396,0
Djembe,MEMBRANE,strike,membrane,0.41,-22.6129,-8.58066,-3.00126,-225.926,262.076,-49.0779,-8.86542,3.001,1.39984,0
Membrane Bass,MEMBRANE,pluck,membrane,6.59,-21.006,-8.91831,-3.76934,-239.976,1647.72,-136.774,-19.7048,4.88058,0.461077,0
Ocean Drum,MEMBRANE,air,membrane,17.15,-21.0003,-9.87054,-4.7489,-128.32,2518.73,-1.8967,-7.70672,2.00661,-0.393015,0
Marching Quads,MEMBRANE,strike,membrane,2.07,-21.0048,-7.27092,-3.13185,-234.03,314.369,-56.0535,-13.9523,2.39109,0.387388,0
Skin Harp,MEMBRANE,pluck,membrane,1.93,-20.9996,-5.20807,-6.70039,-234.578,281.772,-58.4742,-11.9061,3.00259,1.91432,0
Taiko Hall,MEMBRANE,strike,membrane,-1.8,-20.9972,-10.1311,-9.48607,-193.193,336.119,-32.2213,-10.1212,2.27385,0.882829,0
Bongo Pair,MEMBRANE,strike,membrane,2.09,-22.7866,-8.14613,-2.99661,-238.071,262.59,-69.3243,-11.0387,7.4247,0.555303,0
Surdo,MEMBRANE,strike,membrane,-1.13,-21.0029,-8.11677,-10.2197,-212.45,218.928,-36.4567,-11.3722,1.52693,0.78519,0
Dhol,MEMBRANE,strike,membrane,-0.15,-20.9974,-8.16688,-3.54512,-226.317,675.021,-48.7217,-8.83973,11.1609,0.654572,0
Tar Frame,MEMBRANE,strike,membrane,0.14,-21.5843,-8.72045,-2.99559,-221.063,294.857,-43.5196,-7.52655,2.76661,1.11431,0
Roto Toms,MEMBRANE,strike,membrane,0.4,-21.4905,-6.82685,-3.00315,-228.482,295.306,-47.0343,-8.85774,2.59641,0.964037,0
Water Drum,MEMBRANE,strike,membrane,-1.07,-20.9981,-8.86491,-10.4275,-199.129,238.811,-32.271,-10.2331,2.39614,0.962735,0
Distant Thunder,MEMBRANE,strike,membrane,0.79,-21.0035,-9.80421,-12.7617,-179.621,212.165,-27.5821,-12.4159,6.94129,0.940926,0
Drum Circle,MEMBRANE,strike,membrane,0.63,-21.8302,-7.74763,-2.99752,-205.01,224.406,-46.2162,-4.75245,2.29648,-0.237551,0
Breathing Drum,MEMBRANE,strike,membrane,-1.33,-21.0019,-8.65076,-6.93502,-191.81,286.35,-30.1334,-7.86723,2.95839,1.50586,0
Cuica Whine,MEMBRANE,bow,membrane,1.19,-21.0005,-17.5115,-15.493,-170.881,811.435,-0.0220855,-34.6646,3.0049,0.178294,0
Heartbeat,MEMBRANE,strike,membrane,1.06,-21.0016,-8.34718,-12.1186,-237.925,461.162,-68.4393,-15.7636,11.7652,0.280035,0
Soft Toms,MEMBRANE,strike,membrane,-0.56,-20.9982,-7.58904,-9.84684,-216.302,221.963,-42.5757,-9.96777,1.11413,0.948283,0
Paper Drum,MEMBRANE,strike,membrane,0.89,-26.368,-9.95019,-2.99837,-239.982,259.563,-132.808,-9.83335,4.78596,1.38268,0
Gran Cassa,MEMBRANE,strike,membrane,-2.09,-21.0038,-9.40112,-12.987,-172.737,212.526,-25.1731,-11.2557,1.12974,1.15704,0
Timpani Roll,MEMBRANE,air,membrane,15.51,-21.0026,-9.33952,-6.99412,-81.8108,1853.48,-1.1175,-8.51541,1.97469,0.247037,0
Balloon Tap,MEMBRANE,strike,membrane,0.02,-23.5003,-7.01221,-2.99814,-239.795,320.359,-83.3747,-9.80926,9.64807,0.71787,0
Trampoline,MEMBRANE,strike,membrane,-1.06,-20.9965,-8.54211,-4.94448,-212.527,220.821,-43.9886,-10.2564,2.35215,1.53446,0
Infinite Bow,DRONES,bow,metal,-0.42,-20.9979,-12.4616,-20.045,-50.7392,850.639,-0.0694844,-18.6418,4.06277,0.0349162,0
Black Monolith,DRONES,bow,metal,0.53,-21.0004,-12.7744,-20.0497,-46.7137,695.55,-0.0588478,-17.9483,4.05023,-0.00136335,0
Cathedral Air,DRONES,air,metal,2.87,-21.0037,-11.7032,-23.2397,-28.349,4181.92,0,-20.9633,2.52007,0.270164,0
Tanpura Haze,DRONES,bow,metal,1.3,-21.0015,-12.4236,-19.9264,-57.3498,1116.94,-0.152196,-17.9367,3.39779,0.0299763,0
Shruti Box,DRONES,air,metal,-0.97,-20.9956,-12.9966,-24.2342,-40.4892,2009.24,0,-29.5935,2.77542,0.16032,0
Overtone Singer,DRONES,air,wood,-1.54,-20.9962,-13.2003,-22.2525,-114.145,916.439,-0.0690371,-27.6069,2.68906,0.236202,0
Deep Space Hum,DRONES,bow,metal,2.9,-20.9964,-12.4244,-20.085,-50.767,588.428,-0.0872997,-20.0579,4.68704,-0.0345267,0
Organum,DRONES,air,metal,0.37,-21.0017,-12.9711,-24.2007,-37.3174,2327.94,0,-22.2027,2.79341,0.187572,0
Dark Matter,DRONES,bow,membrane,2.85,-21.0038,-12.9787,-20.8326,-99.9188,262.507,-0.0427626,-22.3817,4.55672,0.080028,0
Solar Drone,DRONES,air,glass,-2.07,-20.9975,-12.7873,-22.9333,-46.5527,4146.83,0,-23.6674,2.83129,0.0068231,0
Carnyx,DRONES,air,metal,0.96,-20.9994,-17.7136,-18.0153,-44.9878,2907.03,0,-25.2688,3.55645,0.0793662,0
Glacier,DRONES,bow,glass,3.74,-21.0033,-13.1014,-20.8823,-56.6387,419.612,-0.21223,-23.9055,5.46755,-0.0359495,0
Earth Hum,DRONES,air,wood,12.73,-20.9963,-9.79486,-13.6217,-70.1284,1537.95,0,-13.0754,1.88211,0.0137409,0
Pipe Drone,DRONES,air,wood,-3.54,-21.0008,-13.7221,-21.4185,-167.076,1264.34,-0.0981014,-30.4379,3.14208,0.0892867,0
Mantra,DRONES,air,membrane,-0.62,-20.999,-13.0326,-21.2504,-93.2834,562.845,0,-24.0038,2.66065,3.21867,0
Electric Hum,DRONES,air,metal,-4.22,-20.9976,-14.5052,-21.1536,-44.0078,2299.52,0,-28.8267,2.99701,0.098343,0
The Void,DRONES,air,glass,16.68,-21.0049,-11.044,-8.49418,-33.4579,1891.57,0,-9.49876,1.94941,-0.0365976,0
Singing Stones,DRONES,bow,glass,5.08,-21.0029,-13.1669,-21.0741,-62.9141,377.182,-0.122021,-28.4693,3.27373,-0.0034948,0
Pythagoras,DRONES,bow,metal,0.27,-21.002,-12.3702,-19.8395,-58.1657,920.831,-0.131609,-24.8994,3.84321,-0.0176295,0
Machine Room,DRONES,air,metal,-2.5,-21.001,-13.44,-22.7943,-39.1471,3108.43,0,-26.2158,2.63916,0.110307,0
Polar Night,DRONES,bow,glass,3.15,-21.0032,-12.8206,-20.2782,-55.4846,316.087,-0.18567,-21.4626,5.55543,-0.0266004,0
Cello Drone,DRONES,bow,wood,2.26,-21.0033,-12.9968,-20.5682,-167.307,426.14,-0.174878,-28.7983,4.01874,-0.00414618,0
Wind Tunnel,DRONES,air,metal,13.1,-21.0031,-9.453,-8.51986,-43.984,6131.49,0,-7.5956,1.8716,-10.7624,0
Bell Drone,DRONES,strike,metal,1.49,-20.9989,-8.86496,-10.35,-28.3692,645.397,-2.32824,-5.33245,0.884589,0.32619,0
Tidal Drone,DRONES,bow,wood,1.78,-20.9976,-11.829,-19.0747,-159.016,448.966,-0.0645722,-17.8405,4.9956,-0.0605334,0
Rust Belt,DRONES,air,metal,-2.22,-21.0029,-13.6753,-21.6802,-45.7738,3114.79,0,-22.622,2.48551,0.101403,0
Crystal Drone,DRONES,bow,glass,0.06,-20.9962,-11.3986,-18.9957,-65.0009,630.779,0,-16.8786,5.76772,-0.0431835,0
Low Orbit,DRONES,air,metal,0.44,-20.9982,-12.4015,-23.4232,-37.3913,3144.23,0,-20.5427,2.81057,0.0368376,0
Harmonic Series,DRONES,bow,wood,0.56,-21.0048,-12.8968,-20.3772,-167.112,486.584,-0.108157,-26.6606,4.85432,0.0096047,0
Ceramic Pulse,PERCUSSION,strike,glass,4.71,-21.0006,-6.44062,-3.34632,-220.929,892.694,-41.416,-6.48676,0.824302,0.0423547,0
Tin Pulse,PERCUSSION,strike,metal,-1.67,-25.9952,-11.3395,-2.9955,-200.537,746.679,-28.3497,-7.31964,2.33111,-0.0969948,0
Log Network,PERCUSSION,strike,wood,2.43,-21.0031,-5.6404,-5.62021,-239.878,258.153,-83.3571,-15.8918,8.81328,0.0725833,0
Kinetic Kit,PERCUSSION,strike,membrane,1.35,-23.117,-8.73632,-3.1264,-239.969,616.688,-131.41,-12.15,9.71002,-1.88295,0
Kick Skin,PERCUSSION,strike,membrane,3.98,-22.1974,-7.79201,-3.35337,-239.985,849.221,-138.46,-21.4697,6.79223,0.485682,0
Snare Crack,PERCUSSION,strike,membrane,1.61,-24.2035,-7.74534,-3.16957,-239.949,832.36,-125.825,-8.6275,4.19864,2.73295,0
Closed Hat,PERCUSSION,strike,metal,-12.91,-34.1355,-17.6479,-2.97851,-237.974,1793.22,-58.5166,-6.5208,5.189,-4.13406,0
Open Hat,PERCUSSION,strike,metal,-8.31,-25.8277,-9.99274,-2.9981,-110.947,2388.08,-22.5456,-3.18961,1.90198,-0.434089,0
Ride Ping,PERCUSSION,strike,metal,-6.48,-26.1386,-10.4937,-3.00096,-121.732,1399.32,-20.6741,-4.30518,1.97824,0.0825167,0
Crash Wash,PERCUSSION,strike,metal,-5.16,-27.552,-10.2261,-2.99898,-176.498,1351.48,-28.6766,-3.3014,4.14978,-5.78814,0
Rim Click,PERCUSSION,strike,wood,-1.79,-30.1369,-8.62868,-2.99536,-239.992,535.29,-135.992,-14.5343,3.16281,7.0575,-5.12864
Cowbell,PERCUSSION,strike,metal,-2.71,-25.1195,-10.4355,-2.99504,-117.813,1151.18,-20.0429,-11.8346,2.00253,0.252773,0
Clave,PERCUSSION,strike,wood,-2.85,-27.2098,-5.03863,-3.00068,-239.975,468.432,-127.718,-11.9306,4.6655,0.306417,0
Floor Tom,PERCUSSION,strike,membrane,1.12,-22.5563,-8.54274,-2.99849,-239.752,204.468,-81.9212,-12.1092,8.2853,0.349617,0
Bartok Snap,PERCUSSION,pluck,wood,3.16,-29.7017,-12.9347,-3.10007,-239.983,702.296,-129.74,-16.51,1.53806,90.2216,-9.69365
Glass Clink,PERCUSSION,strike,glass,-1.82,-20.9989,-6.22566,-5.4076,-144.638,5456.24,-20.6864,-4.2301,0.414654,0.249129,-0.924658
Anvil,PERCUSSION,strike,metal,-8.32,-27.2111,-12.7208,-2.81412,-173.047,1098.7,-22.7494,-8.48582,2.83179,0.00272075,0
Triangle,PERCUSSION,strike,metal,-6.37,-23.8913,-8.75871,-3.00273,-93.1429,2215.46,-20.0912,-5.20252,1.08268,0.323936,0
Woodblock,PERCUSSION,strike,wood,0.06,-26.3471,-7.91051,-2.99508,-239.984,453.423,-133.422,-12.2411,4.36352,0.367951,0
Sub Drop,PERCUSSION,strike,membrane,-0.55,-20.996,-9.45045,-11.5783,-238.223,763.988,-59.8507,-24.6366,15.5233,0.347017,0
Bottle Tap,PERCUSSION,strike,glass,1.38,-21.0019,-7.94786,-5.62658,-179.348,1372.09,-22.3894,-5.67206,0.669494,0.116022,0
Frying Pan,PERCUSSION,strike,metal,-0.69,-24.8051,-10.244,-3.00267,-180.609,721.966,-23.6982,-10.09,2.69803,-0.422656,0
Flower Pot,PERCUSSION,strike,glass,3.03,-21.0038,-7.44711,-5.45386,-194.064,793.491,-28.019,-5.90742,1.03669,0.068041,0
Brush Skin,PERCUSSION,strike,membrane,8.27,-21.0046,-6.19385,-7.31524,-239.961,165.216,-132.516,-17.8325,5.1644,3.33697,0
Timbale,PERCUSSION,strike,membrane,0.84,-24.5996,-9.70826,-2.99865,-239.915,366.049,-89.1142,-12.5869,9.83439,0.553807,0
Gong Choke,PERCUSSION,strike,metal,2.06,-22.8641,-7.92922,-2.99887,-173.839,690.425,-23.2675,-7.04626,2.33974,-1.1809,0
Step Kit,PERCUSSION,strike,membrane,0.14,-26.346,-10.5833,-2.99665,-239.965,289.316,-126.992,-9.66976,6.04191,0.909061,0
Cardboard Box,PERCUSSION,strike,wood,8.79,-21.0005,-4.08404,-4.09763,-239.966,238.788,-133.633,-22.7552,2.1272,89.9374,-9.06329
Industrial Hit,PERCUSSION,strike,metal,-0.11,-20.998,-7.86769,-3.7549,-172.866,1083.47,-23.7574,-5.24372,2.42911,-2.70631,0
Watch Tick,PERCUSSION,strike,metal,-10.46,-29.5542,-12.9967,-3.00179,-217.284,1947.93,-39.8217,-8.42922,1.92192,0.0778157,0
Hand Clap,PERCUSSION,strike,membrane,0.42,-30.5799,-12.496,-3.00169,-239.974,371.138,-125.41,-5.93405,2.43383,23.2332,-9.42335
Agogo,PERCUSSION,strike,metal,-4.46,-25.9573,-9.58626,-3.00213,-114.506,1512.85,-20.6067,-11.279,1.52944,0.299925,0
Syndrum Pew,PERCUSSION,strike,membrane,3.58,-21.0016,-6.48516,-4.14203,-239.941,651.859,-128.832,-22.3773,7.48662,0.469185,0
Door Knock,PERCUSSION,strike,wood,5.53,-20.9991,-5.50104,-3.19306,-239.967,251.467,-132.022,-15.4221,5.31449,0.367724,0
Hollow Circuit,EXPERIMENTAL,air,membrane,-2.55,-20.9989,-12.775,-21.0614,-159.424,791.89,-0.160817,-20.1292,2.66211,16.4377,0
Broken Halo,EXPERIMENTAL,strike,glass,3.86,-21.0052,-7.00918,-6.75332,-69.9202,2491.95,-10.6427,-3.06815,1.91862,-2.48186,0
Entropy Garden,EXPERIMENTAL,pluck,glass,5.03,-21.0049,-7.80607,-5.62513,-103.554,2620.5,-16.3037,-14.1777,2.20683,-0.725686,0
Signal Swarm,EXPERIMENTAL,air,metal,0.19,-20.9998,-12.1175,-18.596,-49.9982,5228.9,0,-18.7742,2.53727,-0.1642,0
Quantum Foam,EXPERIMENTAL,air,glass,10.79,-21.0002,-7.06729,-5.85982,-58.0047,8361.23,-1.95632,-4.35839,1.83937,-15.4851,0
Glitch Garden,EXPERIMENTAL,pluck,metal,4.29,-21.0025,-5.8968,-5.85547,-72.6303,1925.48,-11.12,-4.89408,2.07451,6.07988,-3.91016
Alien Radio,EXPERIMENTAL,air,metal,-2.11,-20.9974,-12.8123,-18.7366,-43.5218,4288.74,0,-18.8534,2.42287,0.13779,0
Tectonic,EXPERIMENTAL,bow,membrane,8.34,-21.0006,-12.833,-20.6596,-109.481,328.641,-0.0491265,-23.1013,2.38213,0.0585621,0
Neural Lattice,EXPERIMENTAL,strike,glass,5.84,-20.9987,-5.58531,-4.53704,-39.7491,3156.63,-3.37224,-1.6313,0.283846,60.4705,-8.10204
Particle Accelerator,EXPERIMENTAL,air,glass,18,-21.8161,-7.35642,-7.07946,-90.5203,7430.09,-0.289007,-5.41318,1.99265,3.55466,0
Morse Resonance,EXPERIMENTAL,air,metal,0.16,-20.9989,-13.0249,-23.7225,-41.6596,3810.16,0,-29.3048,3.15142,0.237545,0
Black Hole,EXPERIMENTAL,bow,metal,10.04,-20.9952,-12.1282,-19.7129,-52.7439,482.303,-0.0614132,-15.5686,3.20708,-0.025879,0
Fractal Bells,EXPERIMENTAL,strike,glass,2.5,-21.0013,-7.17354,-5.59132,-50.1197,2289.31,-6.07856,-4.51984,0.56536,0.323994,0
Irrational Harp,EXPERIMENTAL,pluck,wood,1.51,-21.0018,-5.89104,-7.29071,-233.067,329.637,-56.7508,-17.3958,3.46929,0.291708,0
Tritone Engine,EXPERIMENTAL,bow,metal,-2.73,-21.0048,-11.6174,-16.4864,-61.6381,944.812,-0.146875,-13.2698,3.45993,-0.0474463,0
Bent Circuit,EXPERIMENTAL,pluck,metal,-1.14,-20.9862,-11.6766,-10.8702,-80.0618,2393.22,-13.7269,-6.10826,2.13224,-1.88467,-2.71115
Spectral Ghosts,EXPERIMENTAL,air,glass,17.26,-21.0037,-8.56185,-5.01964,-75.828,6687.16,-0.470665,-7.00203,1.75238,-1.76354,0
Metallic Speech,EXPERIMENTAL,air,metal,-2.9,-20.9959,-13.6188,-23.4667,-39.2337,3480.29,0,-22.5892,3.16674,0.544984,0
Rewired,EXPERIMENTAL,strike,wood,-2.15,-22.6906,-4.25647,-2.99628,-219.794,486.444,-44.0205,-7.72779,2.85336,0.604876,0
Magnetic Storm,EXPERIMENTAL,air,metal,13.87,-21.0001,-8.85627,-6.42895,-45.5744,3518.8,-0.963106,-8.37864,1.83272,-2.06492,0
Frozen Time,EXPERIMENTAL,bow,glass,7.01,-20.9991,-10.9813,-18.5528,-54.7305,489.496,-0.172277,-14.8588,5.89383,0.0156084,0
Microtonal Maze,EXPERIMENTAL,strike,glass,2.62,-21.0032,-8.41646,-5.09049,-49.5319,2001.95,-6.77203,-3.41201,0.469709,0.314144,0
Gravity Well,EXPERIMENTAL,pluck,membrane,0.96,-21,-6.18263,-5.32115,-218.018,279.026,-53.2276,-10.3414,5.08124,3.12415,0
Tension Snap,EXPERIMENTAL,strike,metal,-6.43,-21.8578,-6.71591,-2.99806,-61.0783,3354.26,-10.5223,-5.43,0.648741,1.83267,0
Anti-Matter,EXPERIMENTAL,air,glass,-0.3,-21.0033,-13.064,-22.2714,-49.9551,4384.17,0,-26.2291,2.5673,0.178938,0
Hive Mind,EXPERIMENTAL,air,membrane,-2.72,-21.0024,-13.5968,-19.9049,-154.075,1824.66,-0.0526016,-26.7831,2.3831,2.60643,0
Clockwork Orbit,EXPERIMENTAL,strike,metal,-5.23,-22.5664,-7.71039,-2.99819,-55.1541,3018.1,-7.95068,-4.22614,2.89534,-0.167733,0
Polyrhythm Engine,EXPERIMENTAL,bow,wood,-0.81,-20.9957,-12.2411,-19.5318,-171.185,584.136,-0.116054,-24.6431,5.22789,-0.230001,0
Data Rain,EXPERIMENTAL,pluck,glass,2.7,-20.9968,-5.13242,-5.53308,-100.499,5340.96,-17.8915,-7.46216,1.73644,0.31155,-0.97897
Event Horizon,EXPERIMENTAL,air,metal,2.13,-20.9993,-12.941,-22.4609,-38.8228,5898.81,0,-19.2587,2.68221,0.240952,0
