time_s,core,A,B,C,D
0.000333333,0,0,0,0,0
0.0103333,0,0,0,0,0
0.0203333,0,1.81264e-27,7.36887e-07,0.000188871,6.11386e-10
0.0303333,0.000339026,0.000808272,1.4731e-05,6.85684e-05,0.00222191
0.0403333,7.53707e-05,4.88458e-07,2.28545e-06,0.000179467,3.03658e-07
0.0503333,0.000345866,3.01781e-05,0.00095729,0.000169231,7.35753e-05
0.0603333,5.60122e-05,1.62122e-05,1.75721e-05,0.000138735,1.11165e-05
0.0703333,0.000101653,2.60017e-05,4.61868e-05,0.000129035,6.81455e-05
0.0803333,0.000821078,5.38483e-05,0.000882979,2.70155e-06,0.000174301
0.0903333,0.00012562,1.64372e-05,4.85471e-05,0.000175844,3.53776e-05
0.100333,0.000108691,5.50804e-05,2.82338e-05,1.86631e-05,1.51958e-05
0.110333,8.96468e-05,7.83597e-06,1.00114e-05,4.27295e-05,1.25677e-05
0.120333,2.24913e-06,2.89143e-05,1.3738e-06,2.75938e-05,8.5068e-06
0.130333,0.000198818,2.17343e-05,0.000182511,4.87467e-05,0.000303462
0.140333,1.75666e-05,5.95402e-06,3.33869e-05,4.00247e-06,6.11427e-05
0.150333,0.000378405,7.09449e-06,0.000196095,4.79055e-05,7.02014e-05
0.160333,5.48212e-05,1.63106e-05,2.83133e-05,4.97219e-05,2.19984e-05
0.170333,1.90992e-05,1.95399e-05,7.93604e-05,2.33923e-05,1.75361e-05
0.180333,0.000113325,3.20026e-05,8.53628e-05,2.96002e-05,0.00010744
0.190333,2.05008e-05,7.48237e-06,1.74252e-05,4.05418e-05,6.448e-07
0.200333,0.000283824,1.45662e-05,1.27339e-05,1.44149e-06,7.17427e-06
0.210333,8.89771e-05,3.87685e-06,6.40904e-07,1.26327e-05,6.66659e-06
0.220333,1.1658e-06,8.01968e-05,3.03068e-05,3.98522e-05,7.69574e-06
0.230333,0.000238675,6.7827e-06,3.36168e-05,2.58292e-05,3.64898e-05
0.240333,6.30684e-05,2.50747e-05,7.61023e-06,4.88579e-05,7.45832e-07
0.250333,1.32091e-05,9.86725e-06,4.45311e-05,2.26859e-05,0.000119782
0.260333,6.7149e-06,1.15556e-06,9.50765e-06,1.08534e-05,8.40006e-06
0.270333,1.19385e-05,5.73475e-06,1.29837e-05,3.78512e-06,8.56315e-06
0.280333,1.86306e-05,7.72581e-06,1.77593e-05,1.42521e-06,4.04715e-06
0.290333,0.000235534,1.22426e-05,2.74597e-05,5.28551e-06,1.15724e-05
0.300333,4.87147e-06,1.38492e-06,2.33738e-05,2.36633e-05,7.2822e-06
0.310333,4.96156e-06,6.63724e-06,3.1977e-06,1.191e-05,7.35125e-06
0.320333,6.08143e-05,6.16918e-05,5.5219e-06,5.68818e-06,6.57054e-05
0.330333,6.87305e-06,2.4757e-06,1.14669e-05,1.99759e-05,4.20878e-05
0.340333,1.9821e-05,3.03397e-06,9.83093e-06,3.54019e-06,5.64445e-06
0.350333,4.97856e-05,9.93548e-06,2.02129e-05,9.46973e-06,3.30332e-06
0.360333,1.01632e-06,1.12287e-07,2.1556e-06,7.64167e-06,7.34159e-06
0.370333,1.89658e-05,5.41266e-06,1.4829e-05,2.94512e-07,1.0479e-05
0.380333,2.64484e-07,7.65583e-06,5.31095e-06,6.04687e-06,5.75931e-06
0.390333,7.25616e-06,4.0709e-05,1.07958e-05,1.39773e-05,7.50744e-06
0.400333,0.000120092,3.67733e-06,5.03419e-05,3.16968e-06,6.286e-06
0.410333,2.23909e-06,2.92208e-06,2.14252e-07,1.19866e-05,3.18663e-06
0.420333,1.1043e-05,1.31635e-06,2.60749e-06,1.36794e-06,1.27565e-05
0.430333,8.78967e-06,1.05121e-06,1.22464e-07,2.55754e-06,2.88903e-05
0.440333,3.80315e-05,1.29524e-06,1.87674e-06,1.18793e-05,1.50186e-05
0.450333,1.36661e-06,1.33646e-06,5.1736e-05,6.17904e-07,3.00219e-06
0.460333,4.67077e-06,4.31749e-07,1.66096e-06,6.87818e-06,5.69942e-06
0.470333,3.85762e-05,2.40276e-07,3.43873e-06,1.88371e-07,7.47654e-07
0.480333,1.99416e-05,2.97786e-06,2.31163e-05,4.98555e-06,5.85445e-06
0.490333,5.88915e-06,6.23485e-06,1.60783e-05,6.98556e-07,2.53021e-06
0.500333,5.43431e-06,3.67173e-06,3.10334e-06,4.47888e-06,5.73371e-07
0.510333,3.86044e-06,3.02182e-07,9.4897e-07,3.7053e-06,1.76426e-06
0.520333,2.69741e-05,2.87667e-06,1.89298e-06,8.15364e-06,9.97592e-07
0.530333,5.89613e-06,3.13085e-08,7.11064e-06,2.25068e-06,2.59055e-06
0.540333,9.36456e-07,4.23415e-07,6.65254e-06,3.83065e-07,9.57583e-06
0.550333,2.81957e-05,2.78973e-06,8.88876e-06,1.02655e-06,3.02652e-06
0.560333,2.30388e-06,1.3992e-06,1.63639e-06,3.35851e-07,4.7641e-07
0.570333,4.45911e-06,1.34095e-06,2.24321e-07,5.13564e-06,1.87294e-05
0.580333,7.34032e-07,4.82684e-06,1.28832e-06,1.86507e-06,8.57741e-07
0.590333,2.94571e-06,4.29379e-07,6.86553e-06,3.80344e-06,3.44104e-07
0.600333,7.00362e-06,1.42393e-06,1.65559e-06,2.07985e-06,5.656e-08
0.610333,1.92912e-08,5.14194e-07,6.87701e-07,4.07587e-06,7.13225e-08
0.620333,1.68555e-08,2.87483e-08,1.13986e-07,1.44626e-06,8.59475e-07
0.630333,7.01485e-06,5.90972e-08,2.73889e-08,5.86217e-07,2.18434e-06
0.640333,2.34719e-05,7.4657e-06,7.60462e-07,1.64247e-06,7.33929e-06
0.650333,2.04452e-06,8.89985e-07,1.26983e-06,1.70616e-06,3.24766e-06
0.660333,2.79784e-07,1.64626e-07,2.30306e-06,1.27711e-06,5.82382e-07
0.670333,3.21406e-07,1.085e-06,2.03885e-07,2.47525e-07,3.20181e-07
0.680333,4.63426e-06,1.68807e-07,9.2217e-07,2.17571e-06,1.79858e-06
0.690333,2.16636e-05,6.88826e-08,1.58163e-05,1.03162e-06,8.54651e-07
0.700333,2.29351e-07,3.10897e-07,3.24781e-06,2.49174e-06,2.23413e-06
0.710333,5.20766e-07,1.43422e-06,5.06771e-07,1.93225e-06,6.59745e-07
0.720333,3.35199e-06,2.98894e-07,1.65389e-06,2.28018e-08,8.95396e-06
0.730333,7.88014e-07,1.11337e-06,2.51977e-07,2.19585e-06,1.15591e-06
0.740333,2.47618e-06,5.51832e-07,4.74214e-06,9.58419e-08,2.21879e-06
0.750333,3.47773e-06,2.41498e-08,1.59605e-06,2.67783e-08,3.26408e-07
0.760333,3.3116e-07,1.12114e-08,4.59294e-07,7.58882e-07,8.50738e-07
0.770333,4.36278e-06,4.84285e-07,4.70071e-06,1.67224e-06,8.00224e-07
0.780333,2.21819e-07,9.38666e-07,1.4043e-06,1.43665e-06,5.18212e-07
0.790333,2.61565e-06,1.65876e-06,2.96984e-06,2.23947e-06,6.72792e-07
0.800333,9.32221e-07,8.17687e-07,3.39326e-06,2.74354e-07,1.85548e-06
0.810333,8.48082e-07,2.52071e-06,5.47158e-07,9.90555e-07,7.1918e-07
0.820333,3.12306e-06,1.21188e-07,1.7136e-07,9.89702e-09,1.48025e-07
0.830333,1.38143e-07,1.86436e-07,5.30496e-07,4.24824e-08,2.969e-07
0.840333,1.33362e-05,2.27968e-07,3.30445e-07,8.49579e-07,5.30395e-07
0.850333,1.2274e-06,2.79923e-07,2.64224e-06,7.57395e-07,2.59353e-06
0.860333,4.27351e-07,2.31956e-07,7.16313e-07,8.10039e-07,1.60664e-06
0.870333,5.11752e-06,6.85921e-07,1.12352e-06,9.66827e-07,2.38176e-07
0.880333,4.15583e-07,4.11557e-07,1.12462e-06,4.66274e-07,5.47955e-07
0.890333,7.17181e-08,5.36179e-09,2.62926e-06,2.02798e-07,5.03387e-07
0.900333,1.03144e-06,9.41445e-07,2.64946e-07,6.99727e-07,5.47018e-08
0.910333,6.41013e-07,3.36243e-07,1.31469e-08,7.70597e-07,4.71788e-07
0.920333,1.40103e-06,8.64418e-07,6.95172e-08,2.35515e-07,2.86297e-06
0.930333,1.01715e-06,1.18232e-07,1.39923e-07,5.36219e-08,3.69822e-07
0.940333,4.23125e-07,8.06285e-08,1.74111e-07,5.04225e-07,6.72942e-07
0.950333,2.78121e-07,1.93068e-07,3.7417e-07,4.91932e-08,6.40372e-07
0.960333,4.96786e-09,1.01515e-08,9.8455e-08,7.09104e-07,8.831e-08
0.970333,9.2684e-07,2.11382e-07,1.61895e-07,3.88037e-07,4.95385e-07
0.980333,1.31899e-06,3.33841e-07,4.84559e-08,4.67693e-07,2.37427e-08
0.990333,2.71874e-07,1.3637e-07,2.18949e-06,2.42062e-07,1.28968e-07
1.00033,1.72897e-08,2.19534e-07,2.03735e-07,1.18869e-07,1.43249e-08
1.01033,2.18263e-07,7.69858e-08,6.7443e-08,8.75076e-08,8.8637e-08
1.02033,1.74857e-07,4.44161e-08,4.20863e-07,2.14712e-09,2.24847e-07
1.03033,3.95759e-07,8.66792e-08,9.20206e-08,1.51634e-08,3.74318e-08
1.04033,2.00537e-06,1.5254e-07,4.44368e-08,1.5089e-07,1.2784e-06
1.05033,4.65244e-07,2.59157e-08,3.38591e-08,2.65022e-07,7.14399e-08
1.06033,2.09338e-07,1.73938e-07,6.95372e-09,1.32656e-07,1.16092e-07
1.07033,1.10082e-08,5.00063e-07,5.51628e-07,5.60467e-07,1.08304e-07
1.08033,9.13603e-07,3.82088e-08,1.61371e-07,4.17503e-07,3.5575e-08
1.09033,9.99318e-07,3.47391e-08,2.97425e-06,1.57309e-08,1.80361e-07
1.10033,3.04204e-08,1.56862e-07,1.23035e-07,4.62615e-08,2.88304e-07
1.11033,3.61271e-07,3.85507e-08,6.9947e-08,9.29887e-08,4.35353e-08
1.12033,1.21201e-07,6.85745e-08,3.02967e-07,1.27437e-07,1.57428e-06
1.13033,6.97864e-07,1.95722e-08,2.93969e-08,4.81253e-09,2.25007e-08
1.14033,3.51503e-07,4.86785e-09,2.51753e-07,2.14013e-07,2.26545e-07
1.15033,1.92825e-07,8.44877e-09,1.59257e-09,1.34392e-07,1.94009e-07
1.16033,9.76104e-07,5.17632e-08,8.21108e-08,2.02185e-07,3.81268e-09
1.17033,2.05117e-07,1.51879e-07,7.97415e-07,5.86763e-08,1.5778e-07
1.18033,3.78262e-08,3.38444e-08,1.01035e-07,1.1507e-07,1.95556e-07
1.19033,3.11735e-07,1.94775e-07,4.4687e-07,1.26764e-07,9.40968e-08
1.20033,3.73465e-07,1.50973e-08,1.42999e-07,3.1004e-08,3.80458e-08
1.21033,3.84653e-07,6.46023e-08,1.29157e-07,7.27727e-08,1.46512e-07
1.22033,8.5866e-08,7.60745e-08,1.19173e-07,6.55207e-08,1.16846e-07
1.23033,6.30386e-08,1.94411e-08,4.16657e-09,7.32511e-08,2.62388e-08
1.24033,1.2175e-06,5.88721e-08,2.72726e-08,9.3749e-08,7.95355e-08
1.25033,9.87567e-08,4.98188e-08,8.23734e-08,2.51593e-07,1.22924e-08
1.26033,3.02644e-08,7.60228e-08,2.4283e-08,3.61135e-08,6.64507e-08
1.27033,2.47818e-07,7.75622e-08,2.9351e-07,5.93185e-08,2.62781e-07
1.28033,9.1287e-08,5.2061e-10,3.52549e-08,6.46159e-08,1.30595e-08
1.29033,8.47182e-08,2.64589e-08,3.68706e-07,3.37948e-08,1.55158e-08
1.30033,9.67442e-08,3.04322e-08,3.29128e-08,1.61017e-08,4.40056e-09
1.31033,2.10854e-07,1.72018e-07,9.24155e-09,9.88018e-08,3.28558e-09
1.32033,9.95497e-08,1.41512e-08,4.41729e-08,6.56759e-08,1.60703e-07
1.33033,2.7194e-07,4.21684e-08,2.71163e-08,6.69487e-09,1.66132e-07
1.34033,2.3134e-07,3.83516e-08,7.23469e-08,6.1192e-08,6.30416e-08
1.35033,6.54671e-08,3.1308e-09,4.23893e-09,7.38372e-08,2.52685e-08
1.36033,2.84432e-08,2.71475e-08,3.35094e-08,5.96678e-08,6.71073e-08
1.37033,1.64963e-07,9.16482e-09,6.25959e-08,8.49571e-09,6.44959e-08
1.38033,1.69317e-07,9.87552e-09,1.03286e-07,1.67335e-08,1.49523e-08
1.39033,9.4555e-08,1.82608e-08,3.66511e-07,5.31729e-08,3.78404e-08
1.40033,2.88855e-08,6.45851e-08,8.9064e-10,7.43053e-09,3.24998e-09
1.41033,7.32715e-08,4.48139e-08,2.84127e-08,1.27446e-08,1.83261e-07
1.42033,3.4061e-08,2.90715e-08,8.56869e-08,9.83966e-08,2.67773e-09
1.43033,1.86273e-08,3.1533e-09,4.88961e-10,3.71723e-08,7.34449e-09
1.44033,8.0164e-08,9.09212e-09,1.23863e-08,3.06224e-08,8.59055e-08
1.45033,9.48744e-10,8.51059e-09,5.52104e-09,4.52851e-08,2.43743e-08
1.46033,7.58172e-08,2.49433e-08,3.46569e-08,8.01541e-09,1.19583e-07
1.47033,5.62997e-08,4.43264e-08,1.04291e-07,1.2897e-08,2.25026e-08
1.48033,3.46931e-07,5.08527e-08,1.60907e-08,8.9607e-09,6.41314e-09
1.49033,3.22304e-08,2.46525e-08,2.70788e-07,8.14726e-09,4.9948e-08
1.50033,4.08033e-08,2.28239e-09,1.48516e-08,4.07903e-09,1.23443e-08
1.51033,3.04022e-08,1.42434e-08,2.51658e-09,1.72175e-08,4.86607e-09
1.52033,2.32683e-08,2.31098e-09,3.02087e-08,4.92139e-08,8.67782e-08
1.53033,1.257e-07,1.51004e-08,1.72718e-08,5.80036e-08,6.43816e-08
1.54033,4.63682e-08,7.80664e-10,1.28243e-08,2.91474e-08,1.28314e-09
1.55033,5.02584e-08,1.60614e-10,2.85913e-09,1.5625e-08,2.83964e-09
1.56033,1.57043e-07,1.61791e-08,1.05201e-08,7.19527e-10,2.38887e-09
1.57033,5.72492e-09,2.03232e-09,3.84845e-08,2.51757e-09,3.00698e-09
1.58033,2.16143e-08,2.26778e-08,1.26252e-08,3.01455e-10,1.70428e-08
1.59033,1.49251e-08,1.38048e-08,4.20929e-08,2.37572e-08,1.58738e-08
1.60033,1.63001e-08,1.59494e-08,5.35048e-09,3.91688e-08,2.11502e-09
1.61033,3.22285e-08,1.97164e-09,6.59437e-09,3.66159e-09,4.73786e-08
1.62033,1.64301e-08,2.36801e-09,2.02519e-08,1.79487e-08,1.32344e-08
1.63033,1.36811e-08,5.99136e-10,2.85025e-08,6.5987e-09,2.6896e-08
1.64033,1.53642e-08,4.61896e-09,1.81242e-08,1.75341e-08,3.65073e-09
1.65033,1.16024e-10,1.25096e-08,6.2239e-09,1.45141e-08,3.93335e-09
1.66033,6.16198e-09,1.86852e-08,1.16999e-08,5.63334e-09,1.76259e-08
1.67033,3.42237e-08,2.2259e-09,1.2806e-08,9.39369e-10,3.10595e-10
1.68033,2.91077e-08,1.52726e-08,3.22484e-08,3.83141e-09,8.92813e-11
1.69033,3.2454e-08,1.7046e-09,3.80845e-08,1.23216e-08,1.44754e-09
1.70033,1.19294e-08,1.67286e-09,1.22433e-08,2.33634e-08,6.51587e-09
1.71033,7.60481e-09,1.29545e-08,1.75785e-08,1.69442e-08,1.61575e-08
1.72033,5.86426e-08,2.6343e-09,1.61207e-08,5.41814e-09,1.15597e-09
1.73033,1.07392e-08,1.12484e-09,1.55496e-08,8.55878e-09,5.32491e-08
1.74033,2.12744e-08,1.5527e-09,1.54141e-08,2.52717e-09,6.76731e-09
1.75033,2.18025e-08,3.07696e-09,3.11235e-10,2.31387e-09,5.6438e-10
1.76033,3.82099e-09,2.09219e-08,1.67271e-09,5.99484e-10,5.81406e-09
1.77033,2.89984e-08,2.36537e-09,1.62743e-09,8.75421e-09,5.63016e-10
1.78033,9.71422e-10,3.96455e-09,3.0156e-08,1.47758e-09,2.28453e-09
1.79033,8.10378e-09,1.89707e-09,3.35955e-08,5.29163e-09,5.94808e-09
1.80033,9.25702e-09,6.1619e-10,4.91914e-09,2.06074e-08,5.46715e-09
1.81033,8.13695e-09,6.98158e-10,4.13209e-09,1.39298e-08,4.64255e-08
1.82033,7.96271e-09,5.65488e-10,2.24911e-08,8.63411e-09,1.2492e-09
1.83033,1.81324e-10,1.05293e-09,4.49072e-09,2.05535e-10,1.81934e-09
1.84033,3.70491e-09,2.07325e-09,3.54649e-09,7.23607e-11,3.12598e-11
1.85033,1.62679e-08,3.85346e-09,8.87141e-10,6.70129e-11,5.63706e-09
1.86033,4.38123e-09,4.38649e-09,2.64753e-10,2.97598e-09,4.53444e-09
1.87033,1.69696e-08,1.28049e-10,6.11136e-09,4.99749e-09,1.6819e-10
1.88033,4.26063e-08,5.84582e-09,3.318e-09,5.73142e-09,4.09693e-09
1.89033,8.48932e-09,4.3165e-09,1.36681e-08,3.23425e-09,3.88182e-09
1.90033,7.96448e-09,3.00083e-09,6.83433e-09,5.7075e-09,1.9126e-09
1.91033,3.84559e-09,3.32866e-10,6.4213e-09,7.81924e-09,6.93153e-10
1.92033,1.75931e-08,1.75122e-09,5.39029e-09,2.15668e-09,7.94896e-10
1.93033,7.12073e-09,1.87014e-09,1.20835e-08,1.68635e-09,1.08708e-08
1.94033,7.71009e-10,6.13979e-10,8.66731e-10,1.43771e-09,6.36093e-09
1.95033,9.77626e-09,4.00594e-10,1.38675e-09,7.2161e-10,9.91403e-09
1.96033,1.69893e-08,4.34301e-10,8.37926e-10,1.65493e-09,2.04751e-10
1.97033,2.79563e-09,5.7541e-10,4.62106e-10,2.88208e-09,5.66832e-10
1.98033,1.35587e-08,9.6305e-10,1.68064e-09,2.11019e-09,4.94879e-10
1.99033,2.26504e-10,1.33245e-10,2.03572e-09,7.36128e-09,6.42219e-10
2.00033,1.91683e-09,7.85264e-11,6.98256e-11,3.65125e-09,1.40274e-10
2.01033,2.93555e-09,2.37346e-09,3.10147e-09,1.08319e-10,1.40566e-08
2.02033,2.44488e-09,1.69654e-09,3.31941e-09,8.74182e-10,2.8841e-09
2.03033,1.82781e-09,9.96209e-11,1.68925e-08,3.43363e-10,5.08019e-10
2.04033,3.5019e-09,1.88446e-10,3.32414e-09,6.1307e-11,5.26139e-10
2.05033,6.37197e-09,3.36395e-10,1.00624e-09,2.16456e-09,1.22162e-09
2.06033,1.91955e-09,2.31123e-10,2.42489e-09,3.7386e-09,2.59562e-09
2.07033,9.37574e-09,1.29916e-09,2.99574e-10,1.29291e-09,5.69436e-10
2.08033,4.21282e-09,7.92669e-10,6.76101e-09,2.82097e-09,8.39331e-10
2.09033,2.10319e-10,1.03748e-09,2.12038e-09,1.70335e-09,3.65911e-10
2.10033,4.78951e-09,1.74434e-09,3.39517e-10,2.48766e-09,1.09494e-09
2.11033,6.84114e-09,1.37892e-10,7.75237e-09,3.24313e-10,3.50384e-10
2.12033,7.91086e-09,7.89386e-10,1.41437e-09,2.80686e-10,1.13528e-09
2.13033,1.54939e-10,1.03807e-09,3.63583e-09,3.27552e-10,2.44681e-09
2.14033,6.03195e-11,1.57428e-10,2.60297e-09,5.56888e-10,1.40205e-10
2.15033,4.3802e-09,1.09032e-09,4.79872e-10,1.9498e-09,3.13811e-10
2.16033,2.37305e-09,6.9313e-10,3.45142e-10,2.00172e-09,1.54583e-09
2.17033,7.09453e-09,7.58218e-11,2.06559e-11,8.63993e-10,3.97716e-10
2.18033,7.76438e-10,1.20245e-09,1.80286e-09,6.47718e-10,1.22069e-10
2.19033,1.93159e-09,1.67962e-09,2.30256e-09,1.50491e-09,1.59181e-09
2.20033,1.81803e-09,1.40298e-09,1.62849e-11,2.69055e-10,1.02936e-09
2.21033,1.72157e-09,5.35092e-10,2.249e-09,6.26575e-10,4.25053e-09
2.22033,9.65411e-10,2.70584e-10,1.05348e-09,5.54826e-11,1.18683e-09
2.23033,3.39057e-10,6.83392e-11,2.61282e-09,7.75296e-10,2.26718e-10
2.24033,1.16555e-09,4.44323e-11,5.81908e-10,2.29675e-10,1.12373e-09
2.25033,1.99888e-09,4.39758e-11,2.73516e-10,8.9977e-10,5.69533e-10
2.26033,5.46904e-10,4.24272e-10,3.41175e-11,1.63269e-09,4.74866e-10
2.27033,2.37218e-09,4.50588e-10,1.28371e-10,7.43116e-10,2.4184e-10
2.28033,2.37738e-09,3.70897e-10,2.52583e-10,1.42152e-09,4.95381e-10
2.29033,7.4779e-10,3.49686e-10,7.53032e-10,1.6237e-10,7.63524e-10
2.30033,2.41579e-10,1.91498e-10,3.72989e-11,1.07629e-11,1.26964e-09
2.31033,3.7263e-10,2.35184e-10,1.8174e-09,5.5213e-12,6.35495e-10
2.32033,4.05748e-09,5.4852e-10,3.22202e-11,2.05523e-10,1.95246e-10
2.33033,4.79161e-12,1.69276e-11,3.45869e-09,3.35595e-10,4.44592e-10
2.34033,1.43983e-10,4.56569e-11,3.96202e-11,3.95793e-10,4.03056e-10
2.35033,3.45006e-10,2.51738e-10,1.20426e-10,3.16244e-10,2.90974e-10
2.36033,5.06905e-09,3.82783e-10,2.19272e-10,9.42773e-10,3.85389e-10
2.37033,8.83598e-11,4.28067e-10,2.69856e-10,5.03736e-10,2.3958e-10
2.38033,1.233e-09,2.981e-10,1.62111e-10,2.65682e-11,9.17319e-10
2.39033,1.50532e-10,1.16149e-10,1.67197e-10,2.54532e-10,1.55445e-11
2.40033,2.77265e-10,2.20913e-10,2.31843e-10,1.33267e-11,5.52021e-10
2.41033,1.44186e-09,3.9882e-11,1.15411e-09,8.87375e-11,1.51425e-10
2.42033,3.34858e-10,1.76356e-12,4.64575e-11,1.07333e-10,9.75424e-10
2.43033,1.18626e-10,7.4666e-11,3.47342e-09,1.00785e-09,3.25043e-10
2.44033,6.07762e-10,2.24334e-10,8.81102e-11,3.80476e-10,4.59504e-11
2.45033,1.09526e-10,6.83695e-11,1.43554e-10,4.52802e-10,2.18175e-10
2.46033,2.46843e-10,4.18535e-11,3.75859e-10,2.5611e-10,4.11958e-11
2.47033,1.08324e-09,8.99978e-11,2.4575e-11,6.25037e-13,2.72312e-10
2.48033,1.02656e-09,3.87033e-12,9.78974e-10,1.86616e-10,1.18773e-10
2.49033,2.23992e-10,3.97554e-11,2.30462e-11,1.26242e-11,5.52367e-11
2.50033,8.85672e-10,2.17006e-10,4.34681e-11,2.93173e-12,7.84007e-10
2.51033,1.67527e-09,4.13367e-11,1.14995e-09,1.92305e-10,8.75392e-11
2.52033,5.14031e-10,1.07921e-11,2.62443e-11,1.63175e-10,9.94812e-11
2.53033,3.54346e-11,3.35979e-11,4.38631e-10,4.92909e-11,6.70043e-11
2.54033,1.29584e-10,2.18271e-10,7.35498e-11,4.38681e-10,1.27147e-10
2.55033,1.96012e-11,9.85237e-11,6.53164e-11,2.62636e-10,4.41693e-10
2.56033,2.39609e-09,3.094e-11,7.26636e-11,4.47927e-10,3.3853e-11
2.57033,9.60617e-10,3.52347e-11,1.24603e-11,9.15333e-13,7.03108e-11
2.58033,6.11413e-10,6.10023e-12,2.18486e-11,4.0412e-11,6.39814e-12
2.59033,2.06981e-10,1.00569e-10,3.26176e-11,3.56018e-11,3.95404e-11
2.60033,8.48738e-11,8.55237e-11,2.07233e-12,2.38703e-10,2.7433e-10
2.61033,1.9817e-10,1.87049e-11,3.85767e-10,1.57101e-10,1.36198e-10
2.62033,8.70172e-11,3.85779e-12,9.73231e-11,5.59052e-11,4.7383e-10
2.63033,3.45835e-11,6.47139e-11,4.62267e-10,1.29546e-10,5.75058e-11
2.64033,3.24409e-10,6.50172e-12,4.53299e-11,9.51986e-11,2.7596e-11
2.65033,8.91411e-10,8.56056e-12,1.06637e-10,3.39741e-10,1.70415e-11
2.66033,3.31754e-12,6.17242e-12,1.58178e-10,9.53766e-11,1.14695e-11
2.67033,2.07034e-10,6.86013e-11,9.49347e-11,1.72482e-11,1.65929e-11
2.68033,1.9279e-10,1.70475e-10,2.6165e-12,2.36828e-11,5.00842e-11
2.69033,6.8679e-11,3.17787e-11,4.38558e-12,3.15308e-11,2.77118e-11
2.70033,4.10441e-11,3.75362e-11,2.29034e-11,2.31776e-11,2.86315e-10
2.71033,6.10049e-10,4.83952e-12,2.55887e-10,2.35137e-10,9.15468e-14
2.72033,3.54479e-10,6.48438e-11,2.0629e-10,1.2464e-10,9.35575e-11
2.73033,2.30691e-11,1.80578e-11,4.14339e-10,9.0276e-11,1.46198e-10
2.74033,6.88101e-12,9.54603e-12,1.4169e-11,1.42187e-10,2.03674e-11
2.75033,1.0742e-12,9.93935e-11,6.15479e-11,1.04238e-11,1.65615e-10
2.76033,8.64801e-10,1.52387e-11,1.56463e-10,3.30876e-11,6.96121e-11
2.77033,1.99987e-11,1.25851e-10,1.57235e-11,7.83642e-12,9.61085e-12
2.78033,2.43035e-11,1.38509e-11,8.90926e-12,3.46582e-11,3.06017e-11
2.79033,1.38815e-10,2.94376e-11,1.66086e-11,1.18117e-11,1.88764e-10
2.80033,2.81352e-10,1.46127e-11,3.05074e-11,9.57262e-11,9.95101e-11
2.81033,1.02252e-10,1.67946e-11,1.88914e-10,6.52726e-11,3.47847e-12
2.82033,4.60269e-11,5.82289e-12,3.88797e-12,8.01489e-11,1.88911e-10
2.83033,4.26774e-11,7.75139e-12,3.94939e-10,1.19633e-10,1.79371e-10
2.84033,4.77804e-11,6.38087e-13,5.16091e-11,1.33225e-11,6.61554e-12
2.85033,9.88787e-11,1.92893e-13,9.54361e-12,2.74989e-11,4.04445e-12
2.86033,5.4634e-11,7.90403e-12,7.92014e-11,1.2056e-13,8.88581e-11
2.87033,3.02765e-11,2.79372e-12,2.97393e-11,8.35072e-12,3.7533e-12
2.88033,1.24217e-10,6.24885e-12,6.39074e-12,3.06194e-12,1.65974e-12
2.89033,9.62345e-11,2.53024e-11,5.03863e-12,1.13946e-10,8.67572e-12
2.90033,1.07103e-10,3.17116e-11,8.48632e-12,2.01169e-11,1.60697e-10
2.91033,2.98151e-10,3.42805e-12,8.00124e-11,4.34483e-11,7.14143e-12
2.92033,7.52985e-12,1.54874e-12,2.25166e-11,3.33407e-11,1.83835e-12
2.93033,6.84771e-11,5.97506e-11,7.2957e-11,1.55238e-11,2.64583e-11
2.94033,6.49873e-11,1.90215e-12,3.20626e-13,5.29193e-11,9.11899e-12
2.95033,9.81829e-12,8.67529e-12,5.06872e-12,5.54551e-12,4.01686e-11
2.96033,4.28606e-10,8.07962e-12,4.20135e-11,5.67808e-13,2.55317e-11
2.97033,5.87057e-11,6.92775e-12,7.63424e-11,1.17795e-11,1.22638e-11
2.98033,1.73673e-11,1.22277e-12,3.39901e-11,1.70641e-11,5.65593e-12
2.99033,6.72357e-12,2.59005e-12,5.99959e-12,1.13862e-11,8.85054e-12
